date,ticker,value
2024-11-03,ATI,1
2025-04-09,BACHY,1
2025-04-09,CHEF,1
2025-04-09,CLMT,2
2025-04-09,FIX,1
2025-04-09,GOLD,5
2025-04-10,BTU,2
2025-04-10,GOLD,2
2025-04-11,ARGT,1
2025-04-11,BACHY,1
2025-04-11,BTU,3
2025-04-11,GOLD,9
2025-04-14,ARGT,2
2025-04-14,BACHY,2
2025-04-14,BTU,1
2025-04-14,BXC,1
2025-04-14,GOLD,1
2025-04-15,BACHY,1
2025-04-15,BTU,4
2025-04-15,GAU,1
2025-04-15,GOLD,4
2025-04-16,ARGT,1
2025-04-16,BACHY,1
2025-04-16,BTU,1
2025-04-16,BXC,1
2025-04-16,CHEF,1
2025-04-16,GOLD,5
2025-04-17,ARGT,1
2025-04-17,CHEF,1
2025-04-17,GOLD,1
2025-04-18,GOLD,1
2025-04-19,CHEF,1
2025-04-20,GOLD,1
2025-04-21,CHEF,1
2025-04-21,GAU,1
2025-04-21,GOLD,2
2025-04-22,CHEF,1
2025-04-22,GOLD,6
2025-04-23,ARGT,1
2025-04-23,CHEF,1
2025-04-23,GOLD,5
2025-04-24,BTU,3
2025-04-24,BXC,2
2025-04-24,CLMT,1
2025-04-24,GOLD,3
2025-04-25,BTU,1
2025-04-27,BXC,1
2025-04-27,GOLD,1
2025-04-28,ARGT,1
2025-04-28,CLMT,1
2025-04-28,GOLD,1
2025-04-29,BTU,1
2025-04-29,BXC,6
2025-04-29,CLMT,1
2025-04-30,BACHY,1
2025-04-30,BTU,1
2025-04-30,BXC,3
2025-04-30,CHEF,9
2025-04-30,CLMT,1
2025-04-30,GAU,1
2025-04-30,GOLD,2
2025-05-01,BXC,4
2025-05-01,CHEF,5
2025-05-01,GOLD,3
2025-05-02,ARGT,1
2025-05-02,BXC,1
2025-05-02,CHEF,2
2025-05-02,GOLD,1
2025-05-05,BTU,10
2025-05-05,GAU,1
2025-05-06,BTU,10
2025-05-06,GOLD,2
2025-05-07,BACHY,3
2025-05-07,BTU,5
2025-05-07,BXC,1
2025-05-07,GOLD,6
2025-05-08,CLMT,1
2025-05-08,GOLD,4
2025-05-09,BTU,2
2025-05-09,BXC,1
2025-05-09,CHEF,1
2025-05-09,CLMT,7
2025-05-09,GAU,1
2025-05-09,GOLD,2
2025-05-10,BTU,1
2025-05-10,BXC,1
2025-05-11,CLMT,1
2025-05-12,GAU,1
2025-05-12,GOLD,2
2025-05-13,BACHY,1
2025-05-13,BTU,2
2025-05-13,BXC,1
2025-05-13,CLMT,2
2025-05-13,GOLD,1
2025-05-14,CLMT,1
2025-05-14,GAU,3
2025-05-14,GOLD,3
2025-05-15,BTU,1
2025-05-15,GAU,3
2025-05-15,GOLD,3
2025-05-16,BXC,1
2025-05-16,GAU,2
2025-05-18,CHEF,1
2025-05-19,ARGT,1
2025-05-20,CHEF,1
2025-05-20,GOLD,3
2025-05-21,BTU,1
2025-05-22,BTU,1
2025-05-22,GAU,1
2025-05-23,BACHY,3
2025-05-23,GOLD,1
2025-05-24,BACHY,1
2025-05-24,BXC,1
2025-05-24,CHEF,1
2025-05-26,BACHY,1
2025-05-28,BACHY,2
2025-05-28,BXC,1
2025-05-28,CHEF,2
2025-06-02,BXC,3
2025-06-03,BXC,2
2025-06-04,ARGT,1
2025-06-04,BACHY,1
2025-06-05,BACHY,1
2025-06-06,BTU,1
2025-06-06,CLMT,1
2025-06-09,BTU,1
2025-06-10,BXC,1
2025-06-12,GAU,1
2025-06-13,CLMT,1
2025-06-14,CLMT,1
2025-06-18,ARGT,1
2025-06-18,BACHY,1
2025-06-18,CLMT,1
2025-06-18,GAU,2
2025-06-19,BACHY,1
2025-06-20,BXC,1
2025-06-21,BTU,1
2025-06-22,BACHY,1
2025-06-22,GAU,1
2025-06-23,BTU,1
2025-06-24,BACHY,1
2025-06-24,BXC,1
2025-06-24,CLMT,1
2025-06-25,ARGT,1
2025-06-25,BACHY,1
2025-06-25,BTU,2
2025-06-25,BXC,1
2025-06-26,BACHY,1
2025-06-26,BTU,1
2025-06-26,BXC,1
2025-06-27,BXC,1
2025-06-27,CHEF,1
2025-06-27,GOLD,1
2025-06-29,BACHY,1
2025-06-29,CLMT,2
2025-06-30,ARGT,1
2025-06-30,BACHY,2
2025-06-30,BTU,3
2025-06-30,BXC,1
2025-06-30,CLMT,14
2025-07-01,BTU,1
2025-07-01,BXC,1
2025-07-02,BACHY,1
2025-07-02,BTU,1
2025-07-03,ARGT,1
2025-07-03,BTU,1
2025-07-04,BTU,1
2025-07-07,BACHY,1
2025-07-08,BACHY,1
2025-07-08,BTU,1
2025-07-08,CHEF,1
2025-07-08,GAU,1
2025-07-09,CHEF,2
2025-07-09,GAU,1
2025-07-10,BACHY,1
2025-07-10,CHEF,2
2025-07-11,BACHY,2
2025-07-11,CLMT,1
2025-07-12,ARGT,1
2025-07-12,BTU,1
2025-07-14,BACHY,1
2025-07-14,BTU,2
2025-07-14,GAU,1
2025-07-15,BTU,3
2025-07-16,BXC,1
2025-07-16,CHEF,1
2025-07-17,BTU,1
2025-07-18,BTU,1
2025-07-18,BXC,3
2025-07-18,CHEF,2
2025-07-18,CLMT,1
2025-07-20,BACHY,1
2025-07-21,BXC,1
2025-07-22,BTU,1
2025-07-22,BXC,1
2025-07-22,CHEF,1
2025-07-23,BTU,1
2025-07-23,CHEF,1
2025-07-23,FNV,1
2025-07-24,AOS,11
2025-07-24,BTU,1
2025-07-24,GAU,1
2025-07-25,AOS,6
2025-07-25,BACHY,1
2025-07-25,BTU,2
2025-07-25,BXC,1
2025-07-26,AOS,1
2025-07-27,AOS,2
2025-07-27,CHEF,1
2025-07-27,GAU,1
2025-07-28,AOS,3
2025-07-28,ARGT,2
2025-07-28,BXC,2
2025-07-28,CHEF,1
2025-07-28,CLMT,3
2025-07-29,AOS,1
2025-07-29,BTU,2
2025-07-29,BXC,6
2025-07-30,AOS,1
2025-07-30,BTU,1
2025-07-30,BXC,3
2025-07-30,CHEF,9
2025-07-31,AOS,2
2025-07-31,ARGT,1
2025-07-31,BACHY,1
2025-07-31,BTU,11
2025-07-31,BXC,2
2025-07-31,CHEF,3
2025-08-01,AOS,1
2025-08-01,BXC,3
2025-08-01,FNV,1
2025-08-01,GAU,1
2025-08-02,BTU,1
2025-08-02,CRSP,1
2025-08-04,BACHY,1
2025-08-04,BTU,3
2025-08-04,BXC,1
2025-08-04,CHEF,4
2025-08-04,CLMT,1
2025-08-04,CRSP,3
2025-08-05,AOS,1
2025-08-05,ARGT,1
2025-08-05,CHEF,1
2025-08-05,CRSP,7
2025-08-06,CRSP,1
2025-08-07,BTU,1
2025-08-07,CLMT,1
2025-08-07,CRSP,2
2025-08-08,AOS,2
2025-08-08,BTU,1
2025-08-08,CLMT,5
2025-08-08,FNV,3
2025-08-09,BTU,1
2025-08-10,CLMT,1
2025-08-10,CRSP,1
2025-08-11,BXC,1
2025-08-11,CRSP,1
2025-08-11,FNV,6
2025-08-12,AOS,2
2025-08-12,CHEF,1
2025-08-12,CLMT,1
2025-08-12,CRSP,1
2025-08-12,FNV,7
2025-08-13,CLMT,1
2025-08-13,CRSP,1
2025-08-13,FNV,3
2025-08-13,GAU,4
2025-08-14,AOS,1
2025-08-14,CRSP,2
2025-08-14,FNV,2
2025-08-14,GAU,4
2025-08-15,AOS,2
2025-08-15,CRSP,1
2025-08-15,FNV,1
2025-08-15,GAU,2
2025-08-16,CRSP,1
2025-08-16,FNV,1
2025-08-17,CRSP,2
2025-08-17,GAU,1
2025-08-18,BACHY,1
2025-08-18,CHEF,1
2025-08-18,CRSP,1
2025-08-18,FNV,2
2025-08-19,BTU,9
2025-08-19,CRSP,1
2025-08-19,FNV,1
2025-08-19,GAU,1
2025-08-20,BACHY,1
2025-08-20,BHP,2
2025-08-20,BTU,2
2025-08-20,CHEF,1
2025-08-20,FNV,1
2025-08-20,GAU,1
2025-08-21,BXC,1
2025-08-21,CHEF,1
2025-08-21,CRSP,1
2025-08-21,FNV,1
2025-08-22,CRSP,2
2025-08-22,FNV,2
2025-08-23,FNV,1
2025-08-24,FNV,1
2025-08-25,CRSP,3
2025-08-25,FNV,3
2025-08-26,AOS,1
2025-08-26,BHP,1
2025-08-26,CHEF,1
2025-08-26,CLMT,2
2025-08-27,AOS,2
2025-08-27,BACHY,1
2025-08-27,CHEF,4
2025-08-27,CRSP,1
2025-08-28,AOS,1
2025-08-28,BXC,2
2025-08-28,CHEF,1
2025-08-28,CRSP,2
2025-08-28,FNV,2
2025-08-29,BACHY,1
2025-08-29,BHP,1
2025-08-29,BTU,1
2025-08-29,CRSP,2
2025-08-29,FNV,2
2025-08-29,GAU,1
2025-08-31,CRSP,1
2025-09-01,BACHY,2
2025-09-02,ARGT,1
2025-09-02,BTU,1
2025-09-02,CRSP,2
2025-09-02,FNV,1
2025-09-03,BTU,2
2025-09-03,CLMT,1
2025-09-03,CRSP,1
2025-09-04,ARGT,1
2025-09-04,CHEF,1
2025-09-05,CLMT,1
2025-09-05,FNV,1
2025-09-06,BTU,1
2025-09-07,FNV,1
2025-09-08,ARGT,3
2025-09-08,FNV,1
2025-09-09,AOS,1
2025-09-09,ARGT,2
2025-09-09,BHP,1
2025-09-09,BTU,1
2025-09-09,CRSP,4
2025-09-09,FNV,1
2025-09-10,AOS,1
2025-09-10,BACHY,1
2025-09-10,BTU,2
2025-09-10,CLMT,1
2025-09-10,FNV,3
2025-09-10,GAU,1
2025-09-11,ARGT,1
2025-09-11,BACHY,1
2025-09-11,BHP,1
2025-09-11,CRSP,2
2025-09-11,FNV,2
2025-09-12,ARGT,1
2025-09-12,BHP,2
2025-09-12,CHEF,1
2025-09-12,CRSP,1
2025-09-13,BHP,1
2025-09-13,BTU,1
2025-09-13,CRSP,1
2025-09-14,FNV,2
2025-09-15,AOS,1
2025-09-15,BHP,2
2025-09-15,BTU,1
2025-09-15,BXC,1
2025-09-15,FNV,1
2025-09-16,ARGT,1
2025-09-16,BHP,1
2025-09-16,FNV,2
2025-09-16,GAU,1
2025-09-17,BHP,5
2025-09-17,CRSP,3
2025-09-17,FNV,1
2025-09-18,AOS,1
2025-09-18,BACHY,1
2025-09-18,BHP,4
2025-09-18,CRSP,4
2025-09-18,GAU,1
2025-09-19,BHP,5
2025-09-19,BTU,4
2025-09-19,FNV,4
2025-09-19,GOLD,1
2025-09-20,AOS,1
2025-09-20,BHP,1
2025-09-20,BTU,1
2025-09-22,ARGT,7
2025-09-22,CRSP,2
2025-09-23,ARGT,3
2025-09-23,CRSP,2
2025-09-23,FNV,2
2025-09-23,GAU,1
2025-09-24,AOS,1
2025-09-24,ARGT,3
2025-09-24,BACHY,2
2025-09-24,FNV,2
2025-09-25,AOS,1
2025-09-25,ARGT,1
2025-09-25,BHP,1
2025-09-25,BTU,2
2025-09-26,ARGT,2
2025-09-26,BTU,1
2025-09-26,BXC,1
2025-09-26,CHEF,1
2025-09-26,FNV,1
2025-09-27,AOS,2
2025-09-27,BHP,1
2025-09-27,FNV,1
2025-09-28,BHP,2
2025-09-29,BTU,4
2025-09-29,CHEF,1
2025-09-30,AOS,1
2025-09-30,ARGT,2
2025-09-30,BHP,2
2025-09-30,BXC,1
2025-09-30,CRSP,1
2025-09-30,FNV,1
2025-10-01,BHP,1
2025-10-01,BTU,1
2025-10-01,CRSP,4
2025-10-01,GAU,1
2025-10-02,AOS,1
2025-10-02,ARGT,2
2025-10-02,BACHY,1
2025-10-02,BHP,1
2025-10-02,CHEF,1
2025-10-02,CRSP,2
2025-10-02,FNV,3
2025-10-02,GAU,2
2025-10-03,AOS,2
2025-10-03,ATI,1
2025-10-03,BTU,4
2025-10-03,CRSP,2
2025-10-03,GOLD,1
2025-10-04,BTU,2
2025-10-06,AOS,2
2025-10-06,ATI,1
2025-10-06,BTU,3
2025-10-06,EEM,1
2025-10-06,FNV,3
2025-10-06,GAU,2
2025-10-07,AOS,3
2025-10-07,ATI,2
2025-10-07,GAU,2
2025-10-08,AOS,2
2025-10-08,BHP,2
2025-10-08,BTU,1
2025-10-08,CRSP,4
2025-10-08,EEM,1
2025-10-08,FNV,2
2025-10-08,GAU,2
2025-10-09,AOS,1
2025-10-09,ARGT,4
2025-10-09,ATI,4
2025-10-09,CRSP,4
2025-10-09,EEM,1
2025-10-09,GAU,2
2025-10-10,AOS,1
2025-10-10,ARGT,1
2025-10-10,ATI,1
2025-10-10,BHP,3
2025-10-10,CRSP,3
2025-10-10,EEM,1
2025-10-10,FNV,1
2025-10-10,GAU,1
2025-10-11,EEM,1
2025-10-11,FNV,3
2025-10-11,GOLD,1
2025-10-12,AOS,1
2025-10-12,CRSP,1
2025-10-13,AOS,6
2025-10-13,ARGT,1
2025-10-13,BHP,3
2025-10-13,CRSP,2
2025-10-13,FNV,1
2025-10-14,AOS,3
2025-10-14,ARGT,8
2025-10-14,ATI,1
2025-10-14,BACHY,1
2025-10-14,BHP,8
2025-10-14,BXC,1
2025-10-14,EEM,2
2025-10-14,EPAM,2
2025-10-14,FNV,1
2025-10-14,GAU,1
2025-10-15,AOS,2
2025-10-15,ARGT,3
2025-10-15,ATI,1
2025-10-15,CHEF,1
2025-10-15,CRSP,2
2025-10-15,EEM,2
2025-10-15,EPAM,1
2025-10-15,FNV,3
2025-10-15,GAU,1
2025-10-16,AOS,1
2025-10-16,ARGT,1
2025-10-16,BHP,3
2025-10-16,CRSP,1
2025-10-16,CTVA,3
2025-10-16,EEM,3
2025-10-16,EPAM,1
2025-10-16,FFIV,3
2025-10-16,FNV,7
2025-10-16,GAU,1
2025-10-17,BACHY,1
2025-10-17,BHP,2
2025-10-17,CRSP,2
2025-10-17,CTVA,1
2025-10-17,EEM,1
2025-10-17,EPAM,1
2025-10-17,FNV,2
2025-10-17,GAU,1
2025-10-18,BHP,1
2025-10-18,FFIV,1
2025-10-19,AOS,1
2025-10-19,CTVA,1
2025-10-19,FFIV,1
2025-10-20,ARGT,1
2025-10-20,BHP,1
2025-10-20,EEM,1
2025-10-20,FFIV,1
2025-10-20,FNV,1
2025-10-20,GAU,2
2025-10-21,AOS,2
2025-10-21,ARGT,3
2025-10-21,ATI,1
2025-10-21,BHP,4
2025-10-21,BTU,1
2025-10-21,CRSP,1
2025-10-21,CTVA,2
2025-10-21,EEM,2
2025-10-21,EPAM,6
2025-10-21,FFIV,1
2025-10-22,BHP,1
2025-10-22,CLMT,1
2025-10-22,CTVA,3
2025-10-22,EEM,2
2025-10-22,EPAM,4
2025-10-22,FFIV,2
2025-10-22,FNV,1
2025-10-22,GAU,1
2025-10-23,AOS,1
2025-10-23,ARGT,1
2025-10-23,BHP,5
2025-10-23,BTU,1
2025-10-23,EEM,3
2025-10-23,EPAM,5
2025-10-23,FFIV,2
2025-10-23,FNV,2
2025-10-24,AOS,3
2025-10-24,BHP,1
2025-10-24,CLMT,1
2025-10-24,CRSP,2
2025-10-24,CTVA,3
2025-10-24,EEM,1
2025-10-24,EPAM,2
2025-10-24,FFIV,2
2025-10-24,FNV,1
2025-10-24,GOLD,1
2025-10-25,BTU,1
2025-10-25,FFIV,2
2025-10-26,BACHY,1
2025-10-26,CLMT,1
2025-10-26,FFIV,2
2025-10-27,AOS,2
2025-10-27,ARGT,12
2025-10-27,BHP,1
2025-10-27,BTU,1
2025-10-27,CHEF,2
2025-10-27,CLMT,1
2025-10-27,CRSP,2
2025-10-27,CTVA,1
2025-10-27,EEM,2
2025-10-27,EPAM,1
2025-10-27,FFIV,15
2025-10-27,FNV,1
2025-10-27,GOLD,1
2025-10-28,AEM,2
2025-10-28,AOS,15
2025-10-28,ARGT,1
2025-10-28,ATI,16
2025-10-28,BHP,3
2025-10-28,BTU,1
2025-10-28,CHEF,1
2025-10-28,CRSP,3
2025-10-28,CTVA,1
2025-10-28,EEM,1
2025-10-28,EPAM,2
2025-10-28,FFIV,24
2025-10-29,AEM,4
2025-10-29,AOS,4
2025-10-29,ARGT,1
2025-10-29,ATI,5
2025-10-29,BHP,4
2025-10-29,CHEF,8
2025-10-29,CRSP,2
2025-10-29,CTVA,2
2025-10-29,EEM,1
2025-10-29,EPAM,1
2025-10-29,FFIV,2
2025-10-29,FNV,2
2025-10-29,GAU,1
2025-10-30,AEM,3
2025-10-30,AOS,2
2025-10-30,ATI,2
2025-10-30,BACHY,1
2025-10-30,BHP,5
2025-10-30,BTU,6
2025-10-30,CHEF,3
2025-10-30,CTVA,6
2025-10-30,EEM,2
2025-10-30,EPAM,1
2025-10-30,FFIV,1
2025-10-30,GAU,1
2025-10-31,AEM,1
2025-10-31,AOS,2
2025-10-31,ARGT,1
2025-10-31,ATI,2
2025-10-31,BHP,2
2025-10-31,BTU,6
2025-10-31,BXC,1
2025-10-31,CHEF,1
2025-10-31,CTVA,1
2025-10-31,EEM,1
2025-10-31,EPAM,4
2025-10-31,FFIV,1
2025-10-31,FNV,1
2025-11-01,AOS,2
2025-11-02,ARGT,1
2025-11-02,ATI,1
2025-11-02,BACHY,1
2025-11-02,BHP,1
2025-11-02,BTU,1
2025-11-02,CTVA,1
2025-11-02,EEM,2
2025-11-02,FFIV,2
2025-11-03,ARGT,1
2025-11-03,BHP,2
2025-11-03,BTU,1
2025-11-03,BXC,2
2025-11-03,CRSP,4
2025-11-03,CTVA,1
2025-11-03,EEM,1
2025-11-03,EPAM,4
2025-11-03,FFIV,2
2025-11-03,FNV,2
2025-11-03,GAU,1
2025-11-04,AEM,1
2025-11-04,AOS,4
2025-11-04,ATI,1
2025-11-04,BHP,1
2025-11-04,BTU,1
2025-11-04,BXC,5
2025-11-04,CLMT,1
2025-11-04,CRSP,2
2025-11-04,CTVA,11
2025-11-04,EEM,1
2025-11-04,FNV,4
2025-11-05,ARGT,1
2025-11-05,ATI,1
2025-11-05,BHP,1
2025-11-05,BXC,2
2025-11-05,COR,2
2025-11-05,CRSP,2
2025-11-05,CTVA,7
2025-11-05,EEM,1
2025-11-05,EPAM,3
2025-11-05,FFIV,1
2025-11-05,FNV,4
2025-11-06,AEM,5
2025-11-06,AOS,1
2025-11-06,BXC,1
2025-11-06,CHEF,3
2025-11-06,CLMT,1
2025-11-06,COR,6
2025-11-06,CRSP,1
2025-11-06,CTVA,2
2025-11-06,EEM,3
2025-11-06,EPAM,15
2025-11-06,FFIV,3
2025-11-06,FNV,3
2025-11-06,GAU,4
2025-11-07,AEM,4
2025-11-07,CLMT,5
2025-11-07,COR,3
2025-11-07,CRSP,1
2025-11-07,EEM,1
2025-11-07,EPAM,3
2025-11-07,FFIV,1
2025-11-07,GAU,2
2025-11-08,AOS,1
2025-11-08,ATI,1
2025-11-08,COR,3
2025-11-08,CRSP,3
2025-11-08,EPAM,2
2025-11-08,GAU,2
2025-11-09,ATI,1
2025-11-09,CRSP,1
2025-11-09,FFIV,1
2025-11-09,FNV,1
2025-11-09,GAU,1
2025-11-10,AEM,7
2025-11-10,APTV,1
2025-11-10,BXC,1
2025-11-10,CLMT,2
2025-11-10,COR,2
2025-11-10,CRSP,6
2025-11-10,CTVA,1
2025-11-10,EEM,2
2025-11-10,EPAM,3
2025-11-10,FNV,1
2025-11-10,GOLD,1
2025-11-11,AEM,1
2025-11-11,APTV,4
2025-11-11,BACHY,1
2025-11-11,BHP,1
2025-11-11,BTU,1
2025-11-11,BXC,1
2025-11-11,CLMT,1
2025-11-11,COR,4
2025-11-11,CRSP,6
2025-11-11,CTVA,5
2025-11-11,EEM,1
2025-11-11,EPAM,3
2025-11-11,FNV,1
2025-11-11,GAU,1
2025-11-12,AEM,3
2025-11-12,AOS,4
2025-11-12,APTV,1
2025-11-12,BHP,1
2025-11-12,BXC,1
2025-11-12,CLMT,1
2025-11-12,COR,5
2025-11-12,CRSP,4
2025-11-12,EEM,4
2025-11-12,FFIV,3
2025-11-12,FNV,1
2025-11-12,GAU,1
2025-11-13,AEM,5
2025-11-13,AOS,2
2025-11-13,ARGT,2
2025-11-13,ATI,5
2025-11-13,BHP,1
2025-11-13,CLMT,1
2025-11-13,CRSP,1
2025-11-13,CTVA,1
2025-11-13,DXCM,4
2025-11-13,EEM,1
2025-11-13,EPAM,2
2025-11-13,FNV,1
2025-11-13,GAU,1
2025-11-14,AEM,3
2025-11-14,AOS,1
2025-11-14,APTV,1
2025-11-14,ARGT,1
2025-11-14,ATI,1
2025-11-14,B,4
2025-11-14,BHP,3
2025-11-14,CLMT,1
2025-11-14,COR,1
2025-11-14,DXCM,2
2025-11-14,FFIV,2
2025-11-14,FNV,2
2025-11-14,GAU,1
2025-11-15,AEM,1
2025-11-15,B,1
2025-11-15,BHP,1
2025-11-15,CHEF,1
2025-11-15,DXCM,1
2025-11-15,FFIV,1
2025-11-16,AEM,1
2025-11-16,APTV,1
2025-11-16,B,1
2025-11-16,BHP,1
2025-11-16,COR,1
2025-11-17,AEM,5
2025-11-17,AOS,1
2025-11-17,ATI,1
2025-11-17,B,4
2025-11-17,BTU,2
2025-11-17,COR,2
2025-11-17,CRSP,3
2025-11-17,DXCM,1
2025-11-17,EEM,1
2025-11-17,EPAM,2
2025-11-17,FNV,3
2025-11-17,GAU,2
2025-11-18,AEM,1
2025-11-18,AOS,2
2025-11-18,ATI,2
2025-11-18,B,5
2025-11-18,BHP,3
2025-11-18,CHEF,1
2025-11-18,COR,1
2025-11-18,CTVA,1
2025-11-18,DXCM,1
2025-11-18,EEM,1
2025-11-18,EPAM,2
2025-11-18,FFIV,2
2025-11-19,APTV,3
2025-11-19,ATI,1
2025-11-19,BHP,1
2025-11-19,CHEF,1
2025-11-19,CLMT,1
2025-11-19,CTVA,1
2025-11-19,DXCM,2
2025-11-19,EEM,1
2025-11-19,FFIV,2
2025-11-19,FNV,1
2025-11-20,AEM,2
2025-11-20,AOS,1
2025-11-20,APTV,2
2025-11-20,B,1
2025-11-20,BHP,1
2025-11-20,BTU,1
2025-11-20,DXCM,4
2025-11-20,EPAM,2
2025-11-20,FFIV,1
2025-11-20,FNV,3
2025-11-20,GAU,1
2025-11-21,AEM,1
2025-11-21,AOS,1
2025-11-21,ATI,1
2025-11-21,B,2
2025-11-21,BACHY,1
2025-11-21,BHP,1
2025-11-21,BXC,1
2025-11-21,COR,2
2025-11-21,CRSP,2
2025-11-21,CTVA,2
2025-11-21,DXCM,2
2025-11-21,FFIV,1
2025-11-21,FNV,1
2025-11-22,EFX,1
2025-11-23,BACHY,1
2025-11-23,BHP,2
2025-11-23,CRSP,1
2025-11-23,DXCM,1
2025-11-24,AEM,1
2025-11-24,APTV,2
2025-11-24,ATI,1
2025-11-24,B,7
2025-11-24,BACHY,2
2025-11-24,BHP,8
2025-11-24,BTU,1
2025-11-24,BXC,1
2025-11-24,COR,1
2025-11-24,CTVA,1
2025-11-24,EEM,1
2025-11-24,EPAM,3
2025-11-24,FFIV,1
2025-11-24,FNV,5
2025-11-24,GAU,1
2025-11-25,AEM,1
2025-11-25,APTV,1
2025-11-25,B,5
2025-11-25,BHP,5
2025-11-25,CRSP,2
2025-11-25,CTVA,1
2025-11-25,DXCM,6
2025-11-25,EPAM,1
2025-11-25,FNV,3
2025-11-25,GAU,1
2025-11-26,AEM,2
2025-11-26,APTV,1
2025-11-26,B,2
2025-11-26,BHP,4
2025-11-26,COR,1
2025-11-26,CRSP,1
2025-11-26,CTVA,1
2025-11-26,DXCM,2
2025-11-26,EFX,1
2025-11-26,EPAM,2
2025-11-26,FFIV,1
2025-11-26,FNV,1
2025-11-26,GAU,1
2025-11-27,AEM,1
2025-11-27,APTV,1
2025-11-27,ATI,1
2025-11-27,B,2
2025-11-27,BHP,2
2025-11-27,COR,3
2025-11-27,CRSP,1
2025-11-27,DXCM,1
2025-11-27,EEM,1
2025-11-27,EFX,1
2025-11-27,EME,2
2025-11-27,FNV,1
2025-11-27,GAU,1
2025-11-28,B,2
2025-11-28,BHP,2
2025-11-28,CHEF,1
2025-11-28,COR,1
2025-11-28,CRSP,2
2025-11-28,CTVA,1
2025-11-28,DXCM,2
2025-11-28,EME,1
2025-11-28,GAU,1
2025-11-29,AOS,1
2025-11-29,ARGT,1
2025-11-29,CRSP,3
2025-11-29,EEM,1
2025-11-29,FNV,1
2025-11-30,AEM,1
2025-11-30,B,1
2025-11-30,CTVA,1
2025-12-01,AEM,1
2025-12-01,AOS,1
2025-12-01,APTV,1
2025-12-01,ATI,1
2025-12-01,B,2
2025-12-01,BHP,8
2025-12-01,BXC,1
2025-12-01,COR,1
2025-12-01,CRSP,1
2025-12-01,CTVA,1
2025-12-01,DXCM,2
2025-12-01,EEM,2
2025-12-01,EFX,1
2025-12-01,EME,1
2025-12-01,EPAM,1
2025-12-01,FFIV,2
2025-12-01,FNV,1
2025-12-01,GAU,1
2025-12-02,AEM,3
2025-12-02,AOS,1
2025-12-02,B,3
2025-12-02,CHEF,1
2025-12-02,COR,3
2025-12-02,CRSP,1
2025-12-02,DXCM,5
2025-12-02,EEM,2
2025-12-02,EFX,1
2025-12-02,EPAM,1
2025-12-02,FFIV,1
2025-12-02,FNV,2
2025-12-02,GOLD,1
2025-12-03,AOS,1
2025-12-03,APTV,2
2025-12-03,ARGT,1
2025-12-03,ATI,1
2025-12-03,B,2
2025-12-03,CHEF,1
2025-12-03,COR,5
2025-12-03,CRSP,1
2025-12-03,DXCM,3
2025-12-03,EEM,2
2025-12-03,EME,5
2025-12-03,EPAM,1
2025-12-03,FNV,2
2025-12-04,AOS,2
2025-12-04,APTV,2
2025-12-04,ATI,2
2025-12-04,BTU,1
2025-12-04,CLMT,2
2025-12-04,CRSP,1
2025-12-04,CTVA,2
2025-12-04,DXCM,4
2025-12-04,EEM,1
2025-12-04,EFX,6
2025-12-04,EME,2
2025-12-04,EPAM,2
2025-12-04,FNV,1
2025-12-04,GOLD,1
2025-12-05,AEM,1
2025-12-05,AOS,1
2025-12-05,APTV,1
2025-12-05,CHEF,1
2025-12-05,COR,1
2025-12-05,DXCM,2
2025-12-05,EEM,2
2025-12-05,EME,1
2025-12-05,FFIV,2
2025-12-05,FNV,2
2025-12-06,CTVA,1
2025-12-06,EFX,1
2025-12-06,FFIV,1
2025-12-06,GOLD,1
2025-12-07,AOS,2
2025-12-07,APTV,1
2025-12-07,BTU,1
2025-12-07,CRSP,1
2025-12-08,AEM,6
2025-12-08,AOS,1
2025-12-08,APTV,1
2025-12-08,ATI,3
2025-12-08,B,3
2025-12-08,BHP,1
2025-12-08,BTU,1
2025-12-08,COR,1
2025-12-08,CRSP,1
2025-12-08,CTVA,2
2025-12-08,DXCM,2
2025-12-08,EEM,2
2025-12-08,EFX,3
2025-12-08,EME,1
2025-12-08,FNV,1
2025-12-08,GOLD,1
2025-12-09,AEM,7
2025-12-09,APTV,4
2025-12-09,B,7
2025-12-09,BACHY,1
2025-12-09,BHP,2
2025-12-09,CHEF,1
2025-12-09,CLMT,1
2025-12-09,COR,2
2025-12-09,CRSP,2
2025-12-09,CTVA,3
2025-12-09,DXCM,3
2025-12-09,EFX,2
2025-12-09,EME,1
2025-12-09,EPAM,7
2025-12-09,FFIV,4
2025-12-09,GOLD,2
2025-12-10,AEM,8
2025-12-10,APTV,4
2025-12-10,B,2
2025-12-10,BACHY,1
2025-12-10,CMI,3
2025-12-10,COR,2
2025-12-10,CRSP,1
2025-12-10,DXCM,2
2025-12-10,EEM,2
2025-12-10,EFX,2
2025-12-10,EME,2
2025-12-10,EPAM,2
2025-12-10,FFIV,3
2025-12-10,FNV,2
2025-12-11,AEM,5
2025-12-11,AOS,1
2025-12-11,APTV,3
2025-12-11,ATI,7
2025-12-11,B,3
2025-12-11,BACHY,1
2025-12-11,CLMT,1
2025-12-11,CMI,2
2025-12-11,DXCM,4
2025-12-11,EME,3
2025-12-11,EPAM,2
2025-12-11,FNV,1
2025-12-12,ARGT,1
2025-12-12,ATI,2
2025-12-12,B,3
2025-12-12,BACHY,1
2025-12-12,BTU,1
2025-12-12,CMI,5
2025-12-12,COR,2
2025-12-12,CRSP,1
2025-12-12,DXCM,1
2025-12-12,EEM,2
2025-12-12,EFX,1
2025-12-12,FFIV,1
2025-12-12,FNV,1
2025-12-12,GOLD,1
2025-12-13,BTU,1
2025-12-13,CMI,2
2025-12-13,CTVA,1
2025-12-13,DXCM,1
2025-12-13,EEM,1
2025-12-14,B,1
2025-12-14,EEM,2
2025-12-14,EME,1
2025-12-15,AEM,1
2025-12-15,AOS,1
2025-12-15,ARGT,1
2025-12-15,B,1
2025-12-15,BTU,1
2025-12-15,BXC,1
2025-12-15,CMI,2
2025-12-15,COR,13
2025-12-15,DXCM,1
2025-12-15,EEM,1
2025-12-15,EME,2
2025-12-15,EPAM,1
2025-12-15,FFIV,1
2025-12-15,GOLD,1
2025-12-16,AEM,6
2025-12-16,AOS,1
2025-12-16,ATI,2
2025-12-16,B,3
2025-12-16,BHP,1
2025-12-16,CLMT,1
2025-12-16,COR,3
2025-12-16,CRSP,1
2025-12-16,CTVA,3
2025-12-16,DXCM,3
2025-12-16,EEM,1
2025-12-16,EME,7
2025-12-16,EPAM,2
2025-12-16,FFIV,2
2025-12-16,FNV,1
2025-12-16,GOLD,1
2025-12-17,AEM,6
2025-12-17,APTV,1
2025-12-17,ARGT,1
2025-12-17,B,6
2025-12-17,BTU,1
2025-12-17,CMI,1
2025-12-17,CRSP,1
2025-12-17,CTVA,1
2025-12-17,DXCM,4
2025-12-17,EEM,1
2025-12-17,EFX,4
2025-12-17,EME,2
2025-12-17,FFIV,2
2025-12-17,FNV,1
2025-12-18,AEM,5
2025-12-18,AOS,1
2025-12-18,APTV,2
2025-12-18,ATI,1
2025-12-18,B,2
2025-12-18,BTU,1
2025-12-18,BXC,1
2025-12-18,CMI,2
2025-12-18,CRSP,2
2025-12-18,CTVA,3
2025-12-18,DXCM,4
2025-12-18,EFX,1
2025-12-18,EME,5
2025-12-18,FFIV,1
2025-12-19,AEM,3
2025-12-19,APTV,1
2025-12-19,ATI,2
2025-12-19,B,2
2025-12-19,BHP,2
2025-12-19,BTU,3
2025-12-19,CMI,9
2025-12-19,COR,2
2025-12-19,CRSP,2
2025-12-19,CTVA,2
2025-12-19,DXCM,4
2025-12-19,EEM,1
2025-12-19,EFX,1
2025-12-19,EPAM,1
2025-12-20,ATI,1
2025-12-20,B,1
2025-12-20,CHEF,1
2025-12-20,CMI,1
2025-12-20,EME,1
2025-12-21,AEM,1
2025-12-21,AOS,1
2025-12-21,B,2
2025-12-21,CMI,2
2025-12-21,COR,1
2025-12-21,CTVA,1
2025-12-21,FNV,1
2025-12-21,GAU,2
2025-12-22,AEM,6
2025-12-22,APTV,2
2025-12-22,ARGT,1
2025-12-22,ATI,1
2025-12-22,B,6
2025-12-22,CLMT,1
2025-12-22,CMI,8
2025-12-22,COR,3
2025-12-22,CRSP,3
2025-12-22,CTVA,2
2025-12-22,DXCM,4
2025-12-22,EEM,1
2025-12-22,EPAM,2
2025-12-22,FNV,1
2025-12-22,GAU,1
2025-12-23,AEM,1
2025-12-23,AOS,1
2025-12-23,B,2
2025-12-23,BTU,3
2025-12-23,BXC,1
2025-12-23,CHEF,1
2025-12-23,CMI,2
2025-12-23,COR,2
2025-12-23,CRSP,5
2025-12-23,DXCM,1
2025-12-23,EFX,1
2025-12-24,AOS,1
2025-12-24,APTV,1
2025-12-24,B,3
2025-12-24,BHP,1
2025-12-24,CMI,1
2025-12-24,COR,1
2025-12-24,CRSP,3
2025-12-24,FFIV,1
2025-12-24,FNV,1
2025-12-25,CMI,1
2025-12-25,COR,1
2025-12-25,GAU,1
2025-12-26,AEM,2
2025-12-26,APTV,1
2025-12-26,B,1
2025-12-26,BHP,1
2025-12-26,COR,1
2025-12-26,CRSP,2
2025-12-26,EME,2
2025-12-27,AOS,1
2025-12-27,CRSP,1
2025-12-27,CTVA,1
2025-12-27,EFX,1
2025-12-28,AEM,1
2025-12-28,B,1
2025-12-28,BHP,1
2025-12-28,CRSP,1
2025-12-28,EEM,1
2025-12-28,FFIV,1
2025-12-28,FNV,1
2025-12-29,AEM,2
2025-12-29,AOS,1
2025-12-29,ATI,1
2025-12-29,B,6
2025-12-29,CMI,1
2025-12-29,COR,2
2025-12-29,CRSP,2
2025-12-29,CTVA,2
2025-12-29,DXCM,1
2025-12-29,EEM,1
2025-12-29,EME,2
2025-12-29,FNV,1
2025-12-29,GAU,1
2025-12-30,AOS,1
2025-12-30,ATI,3
2025-12-30,B,3
2025-12-30,BBY,1
2025-12-30,BHP,2
2025-12-30,CHEF,1
2025-12-30,CMI,1
2025-12-30,COR,1
2025-12-30,CRSP,3
2025-12-30,DXCM,2
2025-12-30,EME,1
2025-12-30,FFIV,1
2025-12-31,AOS,3
2025-12-31,ARGT,1
2025-12-31,ATI,1
2025-12-31,BBY,1
2025-12-31,BHP,2
2025-12-31,CMI,1
2025-12-31,CRSP,3
2025-12-31,EME,1
2025-12-31,FFIV,1
2025-12-31,FNV,1
2026-01-01,DXCM,1
2026-01-01,EME,2
2026-01-01,EPAM,1
2026-01-02,AOS,1
2026-01-02,APTV,1
2026-01-02,ARGT,1
2026-01-02,ATI,1
2026-01-02,B,1
2026-01-02,BBY,1
2026-01-02,COR,2
2026-01-02,CRSP,1
2026-01-02,CTVA,1
2026-01-02,EEM,1
2026-01-02,EFX,3
2026-01-02,EME,1
2026-01-02,EPAM,1
2026-01-03,AEM,1
2026-01-03,B,1
2026-01-03,EEM,1
2026-01-03,EME,1
2026-01-04,BBY,1
2026-01-04,DXCM,1
2026-01-04,EEM,1
2026-01-05,AEM,1
2026-01-05,AOS,1
2026-01-05,APTV,4
2026-01-05,B,3
2026-01-05,BBY,2
2026-01-05,BHP,2
2026-01-05,BTU,1
2026-01-05,BXC,1
2026-01-05,CLMT,1
2026-01-05,CMI,2
2026-01-05,COR,3
2026-01-05,CRSP,3
2026-01-05,CTVA,1
2026-01-05,DXCM,2
2026-01-05,EEM,2
2026-01-05,EME,3
2026-01-05,FFIV,5
2026-01-05,FNV,3
2026-01-05,GAU,1
2026-01-06,AEM,2
2026-01-06,AOS,3
2026-01-06,APTV,3
2026-01-06,ATI,4
2026-01-06,B,7
2026-01-06,BHP,1
2026-01-06,BTU,1
2026-01-06,CHEF,2
2026-01-06,CLMT,4
2026-01-06,CMI,2
2026-01-06,COR,1
2026-01-06,CRSP,1
2026-01-06,CTVA,3
2026-01-06,EEM,2
2026-01-06,EFX,7
2026-01-06,EME,3
2026-01-06,EPAM,2
2026-01-06,FFIV,2
2026-01-06,FNV,3
2026-01-06,GAU,1
2026-01-07,AEM,2
2026-01-07,AOS,1
2026-01-07,APTV,3
2026-01-07,B,1
2026-01-07,BBY,2
2026-01-07,BTU,3
2026-01-07,CLMT,2
2026-01-07,CMI,3
2026-01-07,COR,1
2026-01-07,CRSP,1
2026-01-07,CTVA,5
2026-01-07,DXCM,2
2026-01-07,EEM,1
2026-01-07,EFX,1
2026-01-07,EME,2
2026-01-07,FFIV,1
2026-01-07,FNV,1
2026-01-07,GAU,1
2026-01-08,AEM,1
2026-01-08,AOS,1
2026-01-08,APTV,4
2026-01-08,B,1
2026-01-08,BBY,1
2026-01-08,BHP,2
2026-01-08,CLMT,1
2026-01-08,CMI,4
2026-01-08,COR,2
2026-01-08,CTVA,3
2026-01-08,DXCM,2
2026-01-08,EEM,1
2026-01-08,EFX,1
2026-01-08,EME,3
2026-01-08,EPAM,2
2026-01-08,FFIV,3
2026-01-08,FNV,1
2026-01-08,GAU,2
2026-01-09,AEM,1
2026-01-09,AOS,2
2026-01-09,APTV,6
2026-01-09,ARGT,2
2026-01-09,ATI,2
2026-01-09,B,2
2026-01-09,BBY,2
2026-01-09,CMI,1
2026-01-09,COR,2
2026-01-09,CRSP,1
2026-01-09,CTVA,2
2026-01-09,DHI,14
2026-01-09,DXCM,1
2026-01-09,EEM,1
2026-01-09,EFX,1
2026-01-09,EME,2
2026-01-09,EPAM,2
2026-01-09,FNV,1
2026-01-09,GAU,1
2026-01-10,AOS,1
2026-01-10,APTV,2
2026-01-10,ATI,1
2026-01-10,BTU,1
2026-01-10,CMI,1
2026-01-10,CRSP,1
2026-01-10,CTVA,2
2026-01-10,EEM,1
2026-01-11,APTV,1
2026-01-11,ATI,1
2026-01-11,B,1
2026-01-11,BHP,1
2026-01-11,DHI,1
2026-01-11,EEM,1
2026-01-11,EFX,2
2026-01-11,EME,1
2026-01-12,AEM,2
2026-01-12,APTV,4
2026-01-12,ATI,1
2026-01-12,B,1
2026-01-12,BBY,2
2026-01-12,BHP,1
2026-01-12,CHEF,4
2026-01-12,CLMT,1
2026-01-12,CMI,4
2026-01-12,COR,3
2026-01-12,CRSP,5
2026-01-12,CTVA,1
2026-01-12,DHI,2
2026-01-12,DXCM,8
2026-01-12,EEM,1
2026-01-12,EFX,4
2026-01-12,EME,2
2026-01-12,EPAM,1
2026-01-12,FFIV,1
2026-01-12,FNV,1
2026-01-13,APTV,2
2026-01-13,ARGT,1
2026-01-13,B,1
2026-01-13,BBY,4
2026-01-13,CLMT,1
2026-01-13,CMI,2
2026-01-13,COR,1
2026-01-13,CRSP,4
2026-01-13,DHI,5
2026-01-13,DXCM,4
2026-01-13,EEM,1
2026-01-13,EFX,4
2026-01-13,EME,1
2026-01-13,EPAM,3
2026-01-13,FFIV,2
2026-01-14,AEM,2
2026-01-14,APTV,2
2026-01-14,ARGT,1
2026-01-14,ATI,1
2026-01-14,B,1
2026-01-14,BBY,1
2026-01-14,BHP,1
2026-01-14,CHEF,1
2026-01-14,CMI,2
2026-01-14,CRSP,1
2026-01-14,CTVA,2
2026-01-14,DHI,8
2026-01-14,DXCM,3
2026-01-14,EEM,1
2026-01-14,EFX,3
2026-01-14,EME,2
2026-01-14,EPAM,4
2026-01-14,FFIV,1
2026-01-14,FNV,1
2026-01-15,AEM,1
2026-01-15,AOS,2
2026-01-15,APTV,2
2026-01-15,ATI,5
2026-01-15,B,4
2026-01-15,BBY,3
2026-01-15,BHP,4
2026-01-15,CHEF,1
2026-01-15,CLMT,1
2026-01-15,CMI,1
2026-01-15,CRSP,1
2026-01-15,CTVA,3
2026-01-15,DXCM,2
2026-01-15,EEM,5
2026-01-15,EFX,1
2026-01-15,EPAM,2
2026-01-15,FFIV,3
2026-01-15,FNV,1
2026-01-16,AOS,1
2026-01-16,APTV,4
2026-01-16,ATI,3
2026-01-16,BBY,2
2026-01-16,BHP,2
2026-01-16,CMI,1
2026-01-16,COR,1
2026-01-16,CTVA,3
2026-01-16,DHI,8
2026-01-16,DXCM,1
2026-01-16,EEM,1
2026-01-16,EFX,1
2026-01-16,EME,1
2026-01-17,ATI,1
2026-01-17,CMI,2
2026-01-17,DHI,2
2026-01-17,EFX,1
2026-01-17,FFIV,1
2026-01-17,GAU,1
2026-01-18,ATI,1
2026-01-18,B,1
2026-01-18,DHI,4
2026-01-19,APTV,1
2026-01-19,B,1
2026-01-19,BBY,1
2026-01-19,BTU,1
2026-01-19,BXC,1
2026-01-19,CMI,1
2026-01-19,COR,1
2026-01-19,CTVA,1
2026-01-19,DHI,6
2026-01-19,DXCM,1
2026-01-19,EEM,1
2026-01-19,EME,1
2026-01-19,EPAM,3
2026-01-19,FFIV,1
2026-01-20,AEM,3
2026-01-20,ATI,2
2026-01-20,B,8
2026-01-20,BBY,2
2026-01-20,BHP,5
2026-01-20,CMI,1
2026-01-20,CRSP,2
2026-01-20,CTVA,3
2026-01-20,DHI,44
2026-01-20,EEM,3
2026-01-20,EFX,2
2026-01-20,EME,2
2026-01-20,FFIV,1
2026-01-20,FNV,2
2026-01-20,GAU,1
2026-01-21,APTV,2
2026-01-21,B,1
2026-01-21,CMI,5
2026-01-21,COR,1
2026-01-21,CRSP,1
2026-01-21,CTVA,3
2026-01-21,DECK,2
2026-01-21,DHI,16
2026-01-21,DXCM,1
2026-01-21,EEM,4
2026-01-21,EFX,3
2026-01-21,EME,6
2026-01-21,EPAM,1
2026-01-21,FFIV,2
2026-01-21,FNV,1
2026-01-21,GAU,1
2026-01-21,GOLD,1
2026-01-22,AEM,1
2026-01-22,APTV,1
2026-01-22,ATI,2
2026-01-22,B,4
2026-01-22,BBY,3
2026-01-22,CMI,4
2026-01-22,COR,4
2026-01-22,CTVA,2
2026-01-22,DECK,2
2026-01-22,DHI,7
2026-01-22,EEM,2
2026-01-22,FFIV,1
2026-01-22,FNV,1
2026-01-23,AEM,1
2026-01-23,AOS,2
2026-01-23,APTV,1
2026-01-23,B,4
2026-01-23,CMI,4
2026-01-23,COR,1
2026-01-23,CTVA,4
2026-01-23,DECK,1
2026-01-23,DHI,6
2026-01-23,EEM,2
2026-01-23,EFX,2
2026-01-23,EME,2
2026-01-23,EPAM,2
2026-01-23,FFIV,3
2026-01-24,AOS,1
2026-01-24,B,1
2026-01-24,BBY,1
2026-01-24,BHP,1
2026-01-24,COR,1
2026-01-24,CTVA,1
2026-01-24,DECK,1
2026-01-24,DHI,3
2026-01-24,EME,1
2026-01-24,FNV,2
2026-01-25,APTV,2
2026-01-25,BBY,1
2026-01-25,COR,1
2026-01-25,DECK,1
2026-01-25,DHI,2
2026-01-25,DXCM,1
2026-01-25,EEM,1
2026-01-26,AEM,3
2026-01-26,AOS,1
2026-01-26,APTV,1
2026-01-26,ARGT,1
2026-01-26,ATI,2
2026-01-26,B,5
2026-01-26,BACHY,1
2026-01-26,BBY,1
2026-01-26,BHP,2
2026-01-26,BKR,22
2026-01-26,CMI,6
2026-01-26,COR,1
2026-01-26,DECK,6
2026-01-26,DHI,2
2026-01-26,EEM,3
2026-01-26,EFX,2
2026-01-26,EME,3
2026-01-26,EPAM,2
2026-01-26,FFIV,2
2026-01-26,FNV,6
2026-01-27,AOS,1
2026-01-27,APH,6
2026-01-27,APTV,1
2026-01-27,ATI,1
2026-01-27,B,2
2026-01-27,BBY,1
2026-01-27,BHP,3
2026-01-27,BKR,7
2026-01-27,CMI,1
2026-01-27,CRSP,1
2026-01-27,CTVA,3
2026-01-27,DECK,1
2026-01-27,DHI,4
2026-01-27,DXCM,4
2026-01-27,EEM,3
2026-01-27,EME,3
2026-01-27,EPAM,1
2026-01-27,FFIV,14
2026-01-27,FIX,1
2026-01-27,GOLD,1
2026-01-28,AEM,3
2026-01-28,AOS,4
2026-01-28,APH,34
2026-01-28,APTV,2
2026-01-28,ARGT,1
2026-01-28,B,5
2026-01-28,BBY,2
2026-01-28,BHP,1
2026-01-28,BKR,9
2026-01-28,CHEF,1
2026-01-28,CMI,3
2026-01-28,CTVA,2
2026-01-28,DECK,4
2026-01-28,DHI,1
2026-01-28,DXCM,1
2026-01-28,EEM,4
2026-01-28,EFX,3
2026-01-28,EME,5
2026-01-28,EPAM,1
2026-01-28,FFIV,21
2026-01-28,FIX,2
2026-01-28,FNV,1
2026-01-28,GAU,1
2026-01-28,GOLD,1
2026-01-29,AEM,9
2026-01-29,AOS,25
2026-01-29,APH,11
2026-01-29,APTV,2
2026-01-29,B,7
2026-01-29,BBY,3
2026-01-29,BHP,4
2026-01-29,BKR,5
2026-01-29,CHEF,1
2026-01-29,CMI,4
2026-01-29,COR,3
2026-01-29,CRSP,1
2026-01-29,CTVA,1
2026-01-29,DECK,24
2026-01-29,DHI,3
2026-01-29,DXCM,3
2026-01-29,EEM,1
2026-01-29,EFX,3
2026-01-29,EPAM,1
2026-01-29,FFIV,2
2026-01-29,FIX,2
2026-01-29,FNV,1
2026-01-29,GAU,1
2026-01-29,GOLD,1
2026-01-30,AEM,5
2026-01-30,AOS,5
2026-01-30,APH,7
2026-01-30,APTV,2
2026-01-30,ATI,2
2026-01-30,B,2
2026-01-30,BBY,1
2026-01-30,BHP,4
2026-01-30,BKR,3
2026-01-30,CLMT,1
2026-01-30,CMI,2
2026-01-30,COR,2
2026-01-30,CRSP,1
2026-01-30,CTVA,2
2026-01-30,DECK,34
2026-01-30,DHI,4
2026-01-30,DXCM,2
2026-01-30,EEM,1
2026-01-30,EFX,4
2026-01-30,EME,3
2026-01-30,FFIV,1
2026-01-30,FIX,2
2026-01-30,FNV,2
2026-01-30,GAU,1
2026-01-31,AEM,2
2026-01-31,AOS,1
2026-01-31,APH,1
2026-01-31,BBY,1
2026-01-31,BHP,1
2026-01-31,BKR,1
2026-01-31,CMI,1
2026-01-31,COR,2
2026-01-31,CTVA,1
2026-01-31,DECK,5
2026-01-31,DHI,1
2026-01-31,EEM,2
2026-01-31,EFX,1
2026-01-31,EME,1
2026-01-31,FIX,2
2026-01-31,GOLD,2
2026-02-01,AEM,1
2026-02-01,AOS,1
2026-02-01,ATI,1
2026-02-01,B,1
2026-02-01,BHP,1
2026-02-01,CMI,1
2026-02-01,COR,1
2026-02-01,CTVA,1
2026-02-01,DECK,4
2026-02-01,DXCM,2
2026-02-01,EEM,1
2026-02-01,EFX,2
2026-02-01,FFIV,1
2026-02-01,FIX,1
2026-02-01,GOLD,1
2026-02-02,AEM,2
2026-02-02,APH,5
2026-02-02,APTV,31
2026-02-02,ATI,3
2026-02-02,B,2
2026-02-02,BBY,7
2026-02-02,BHP,5
2026-02-02,BKR,2
2026-02-02,CHEF,2
2026-02-02,CMI,2
2026-02-02,CTVA,1
2026-02-02,DECK,9
2026-02-02,EEM,2
2026-02-02,EFX,1
2026-02-02,EME,1
2026-02-02,EPAM,2
2026-02-02,FIX,3
2026-02-02,FNV,1
2026-02-02,GAU,1
2026-02-03,AEM,3
2026-02-03,AOS,2
2026-02-03,APH,5
2026-02-03,APTV,6
2026-02-03,ATI,21
2026-02-03,B,2
2026-02-03,BBY,3
2026-02-03,BHP,4
2026-02-03,BKR,5
2026-02-03,CMI,1
2026-02-03,COR,2
2026-02-03,CTVA,15
2026-02-03,DECK,2
2026-02-03,DHI,7
2026-02-03,EEM,7
2026-02-03,EFX,6
2026-02-03,EME,2
2026-02-03,EPAM,2
2026-02-03,FFIV,1
2026-02-03,FNV,1
2026-02-03,GAU,1
2026-02-04,ADP,16
2026-02-04,AEM,4
2026-02-04,APH,13
2026-02-04,APTV,1
2026-02-04,ATI,9
2026-02-04,B,2
2026-02-04,BHP,2
2026-02-04,BKR,4
2026-02-04,BSX,43
2026-02-04,BTU,2
2026-02-04,CMI,4
2026-02-04,COR,25
2026-02-04,CTVA,7
2026-02-04,DECK,7
2026-02-04,DHI,2
2026-02-04,DXCM,1
2026-02-04,EEM,1
2026-02-04,EFX,27
2026-02-04,EME,1
2026-02-04,EPAM,3
2026-02-04,FFIV,1
2026-02-04,FIX,2
2026-02-04,FSLR,6
2026-02-04,GOLD,2
2026-02-05,ADP,9
2026-02-05,AEM,3
2026-02-05,AOS,1
2026-02-05,APH,7
2026-02-05,ARGT,1
2026-02-05,ATI,1
2026-02-05,B,9
2026-02-05,BBY,1
2026-02-05,BHP,2
2026-02-05,BKR,5
2026-02-05,BSX,31
2026-02-05,BTU,12
2026-02-05,CMI,26
2026-02-05,COR,6
2026-02-05,CTVA,14
2026-02-05,DECK,3
2026-02-05,DHI,2
2026-02-05,DXCM,4
2026-02-05,EEM,3
2026-02-05,EFX,20
2026-02-05,EME,2
2026-02-05,EPAM,1
2026-02-05,FIX,5
2026-02-05,FNV,1
2026-02-05,FSLR,3
2026-02-05,GAU,1
2026-02-05,GOLD,6
2026-02-06,ADP,4
2026-02-06,AEM,1
2026-02-06,AOS,1
2026-02-06,APH,11
2026-02-06,ARGT,1
2026-02-06,B,2
2026-02-06,BBY,1
2026-02-06,BHP,4
2026-02-06,BKR,6
2026-02-06,BSX,3
2026-02-06,BTU,1
2026-02-06,CBOE,7
2026-02-06,CMI,10
2026-02-06,COR,2
2026-02-06,CTVA,2
2026-02-06,DECK,2
2026-02-06,DHI,5
2026-02-06,DXCM,3
2026-02-06,EEM,4
2026-02-06,EFX,1
2026-02-06,EME,3
2026-02-06,EPAM,1
2026-02-06,FFIV,2
2026-02-06,FIX,3
2026-02-06,FSLR,6
2026-02-06,GOLD,1
2026-02-07,ADP,2
2026-02-07,APH,3
2026-02-07,ARGT,1
2026-02-07,B,1
2026-02-07,BSX,2
2026-02-07,CBOE,1
2026-02-07,CMI,1
2026-02-07,DECK,2
2026-02-07,DHI,1
2026-02-07,EEM,1
2026-02-07,EFX,1
2026-02-07,FFIV,3
2026-02-07,FIX,1
2026-02-07,FSLR,1
2026-02-08,AEM,1
2026-02-08,APTV,1
2026-02-08,BBY,1
2026-02-08,BSX,1
2026-02-08,BTU,1
2026-02-08,COR,1
2026-02-08,DHI,1
2026-02-08,EEM,1
2026-02-08,EFX,2
2026-02-08,EME,1
2026-02-08,FIX,1
2026-02-09,ADP,10
2026-02-09,AEM,3
2026-02-09,APH,4
2026-02-09,ARGT,1
2026-02-09,ATI,1
2026-02-09,B,4
2026-02-09,BBY,4
2026-02-09,BHP,1
2026-02-09,BKR,3
2026-02-09,BSX,5
2026-02-09,BTU,2
2026-02-09,CBOE,5
2026-02-09,CMI,3
2026-02-09,COR,2
2026-02-09,CTVA,3
2026-02-09,DECK,1
2026-02-09,DHI,2
2026-02-09,DXCM,2
2026-02-09,EEM,5
2026-02-09,EFX,3
2026-02-09,EME,2
2026-02-09,FFIV,1
2026-02-09,FIX,3
2026-02-09,FNV,1
2026-02-09,FSLR,3
2026-02-09,GAU,1
2026-02-09,GOLD,2
2026-02-10,ADP,9
2026-02-10,APH,7
2026-02-10,APTV,1
2026-02-10,ATI,2
2026-02-10,BBY,3
2026-02-10,BHP,1
2026-02-10,BKR,2
2026-02-10,BSX,5
2026-02-10,BTU,2
2026-02-10,CBOE,3
2026-02-10,CHEF,1
2026-02-10,CMI,4
2026-02-10,COR,5
2026-02-10,CTVA,1
2026-02-10,CVS,51
2026-02-10,DDOG,53
2026-02-10,DECK,1
2026-02-10,DHI,2
2026-02-10,DXCM,2
2026-02-10,EEM,2
2026-02-10,EFX,1
2026-02-10,EME,1
2026-02-10,FIX,2
2026-02-10,FNV,1
2026-02-11,ADP,3
2026-02-11,AEM,1
2026-02-11,AOS,1
2026-02-11,APH,2
2026-02-11,ATI,2
2026-02-11,B,1
2026-02-11,BBY,2
2026-02-11,BKR,11
2026-02-11,BSX,1
2026-02-11,BTU,2
2026-02-11,BXC,1
2026-02-11,CBOE,2
2026-02-11,CHEF,15
2026-02-11,COR,1
2026-02-11,CVS,10
2026-02-11,DDOG,19
2026-02-11,DECK,3
2026-02-11,DHI,1
2026-02-11,DXCM,4
2026-02-11,EEM,1
2026-02-11,EFX,4
2026-02-11,EME,2
2026-02-11,EPAM,1
2026-02-11,FSLR,2
2026-02-11,GAU,3
2026-02-11,GOLD,1
2026-02-12,ADP,3
2026-02-12,AEM,3
2026-02-12,AOS,2
2026-02-12,APH,5
2026-02-12,APTV,1
2026-02-12,ARGT,1
2026-02-12,ATI,1
2026-02-12,B,1
2026-02-12,BBY,1
2026-02-12,BHP,1
2026-02-12,BKR,4
2026-02-12,BSX,1
2026-02-12,BTU,3
2026-02-12,CBOE,4
2026-02-12,CHEF,1
2026-02-12,CMI,2
2026-02-12,COR,2
2026-02-12,CRSP,3
2026-02-12,CVS,2
2026-02-12,DDOG,7
2026-02-12,DECK,1
2026-02-12,DHI,2
2026-02-12,DXCM,16
2026-02-12,EEM,3
2026-02-12,EFX,1
2026-02-12,EME,2
2026-02-12,EPAM,2
2026-02-12,EXPE,2
2026-02-12,FFIV,2
2026-02-12,FIX,4
2026-02-12,FNV,1
2026-02-12,FSLR,4
2026-02-12,GAU,6
2026-02-13,ADP,5
2026-02-13,AEM,3
2026-02-13,ANET,23
2026-02-13,APH,6
2026-02-13,APTV,2
2026-02-13,B,1
2026-02-13,BBY,2
2026-02-13,BKR,1
2026-02-13,BSX,4
2026-02-13,BTU,1
2026-02-13,CBOE,3
2026-02-13,CMI,5
2026-02-13,COR,3
2026-02-13,CRSP,4
2026-02-13,CTVA,1
2026-02-13,CVS,1
2026-02-13,DDOG,8
2026-02-13,DECK,4
2026-02-13,DHI,1
2026-02-13,DXCM,18
2026-02-13,EEM,3
2026-02-13,EFX,1
2026-02-13,EME,2
2026-02-13,EPAM,1
2026-02-13,EXPE,30
2026-02-13,FFIV,1
2026-02-13,FIX,4
2026-02-13,FNV,2
2026-02-13,FSLR,1
2026-02-13,GAU,7
2026-02-14,AEM,1
2026-02-14,ANET,1
2026-02-14,APH,1
2026-02-14,APTV,2
2026-02-14,BBY,1
2026-02-14,BHP,1
2026-02-14,BKR,1
2026-02-14,BSX,3
2026-02-14,CMI,2
2026-02-14,CVS,2
2026-02-14,DECK,2
2026-02-14,EFX,1
2026-02-14,FFIV,1
2026-02-14,FSLR,2
2026-02-14,GAU,1
2026-02-15,ADP,1
2026-02-15,ANET,1
2026-02-15,APTV,1
2026-02-15,B,1
2026-02-15,BBY,1
2026-02-15,BHP,1
2026-02-15,BKR,2
2026-02-15,BSX,1
2026-02-15,CBOE,1
2026-02-15,CVS,4
2026-02-15,DHI,1
2026-02-15,DXCM,1
2026-02-15,EEM,1
2026-02-15,EXPE,2
2026-02-15,FFIV,2
2026-02-15,FNV,1
2026-02-16,ADP,1
2026-02-16,AEM,2
2026-02-16,ANET,2
2026-02-16,APH,1
2026-02-16,ATI,2
2026-02-16,BHP,1
2026-02-16,BKR,2
2026-02-16,BSX,3
2026-02-16,CHEF,1
2026-02-16,CMI,1
2026-02-16,CTVA,1
2026-02-16,CVS,1
2026-02-16,DDOG,1
2026-02-16,DECK,1
2026-02-16,DHI,2
2026-02-16,EEM,1
2026-02-16,EME,5
2026-02-16,EPAM,1
2026-02-16,EXPE,2
2026-02-16,FIX,2
2026-02-16,FSLR,1
2026-02-16,GAU,2
2026-02-17,ADP,8
2026-02-17,AEM,2
2026-02-17,ANET,11
2026-02-17,APH,1
2026-02-17,APTV,1
2026-02-17,B,1
2026-02-17,BBY,1
2026-02-17,BHP,5
2026-02-17,BKR,2
2026-02-17,BSX,2
2026-02-17,BTU,4
2026-02-17,CBOE,9
2026-02-17,CHEF,1
2026-02-17,CL,3
2026-02-17,CMI,4
2026-02-17,COR,1
2026-02-17,CRSP,3
2026-02-17,CTVA,3
2026-02-17,CVS,3
2026-02-17,DDOG,8
2026-02-17,DECK,1
2026-02-17,DXCM,2
2026-02-17,EEM,3
2026-02-17,EFX,3
2026-02-17,EME,2
2026-02-17,EPAM,5
2026-02-17,EXPE,14
2026-02-17,FIX,6
2026-02-17,FNV,1
2026-02-17,FSLR,3
2026-02-17,GAU,1
2026-02-18,ABBV,8
2026-02-18,ADP,3
2026-02-18,AEM,1
2026-02-18,ANET,17
2026-02-18,AOS,1
2026-02-18,APH,3
2026-02-18,APP,3
2026-02-18,APTV,3
2026-02-18,ATI,1
2026-02-18,B,3
2026-02-18,BBY,1
2026-02-18,BHP,1
2026-02-18,BKR,2
2026-02-18,BSX,2
2026-02-18,BTU,1
2026-02-18,CBOE,2
2026-02-18,CL,1
2026-02-18,CMI,2
2026-02-18,COR,4
2026-02-18,CRSP,3
2026-02-18,CTVA,3
2026-02-18,CVS,3
2026-02-18,DDOG,3
2026-02-18,DECK,1
2026-02-18,DHI,2
2026-02-18,DXCM,1
2026-02-18,EBAY,38
2026-02-18,EEM,3
2026-02-18,EFX,4
2026-02-18,EME,4
2026-02-18,EPAM,1
2026-02-18,EXPE,2
2026-02-18,FFIV,2
2026-02-18,FIX,2
2026-02-18,FSLR,1
2026-02-19,ABBV,9
2026-02-19,ADP,2
2026-02-19,AEM,1
2026-02-19,ANET,4
2026-02-19,AOS,1
2026-02-19,APH,4
2026-02-19,APP,13
2026-02-19,APTV,1
2026-02-19,ATI,4
2026-02-19,B,2
2026-02-19,BBY,2
2026-02-19,BKR,3
2026-02-19,CBOE,1
2026-02-19,CL,3
2026-02-19,CLMT,1
2026-02-19,CMI,2
2026-02-19,COR,2
2026-02-19,CTVA,1
2026-02-19,CVS,6
2026-02-19,DASH,9
2026-02-19,DDOG,3
2026-02-19,DECK,4
2026-02-19,DHI,3
2026-02-19,DXCM,1
2026-02-19,EBAY,75
2026-02-19,EEM,1
2026-02-19,EFX,2
2026-02-19,EME,5
2026-02-19,EPAM,34
2026-02-19,EXPE,2
2026-02-19,FFIV,1
2026-02-19,FIX,16
2026-02-19,FNV,1
2026-02-19,FSLR,3
2026-02-19,GAU,2
2026-02-20,ABBV,12
2026-02-20,ADP,2
2026-02-20,AEM,3
2026-02-20,ANET,5
2026-02-20,APH,3
2026-02-20,APP,18
2026-02-20,APTV,1
2026-02-20,ATI,2
2026-02-20,B,1
2026-02-20,BBY,4
2026-02-20,BHP,4
2026-02-20,BKR,1
2026-02-20,BSX,3
2026-02-20,CBOE,4
2026-02-20,CL,4
2026-02-20,COR,1
2026-02-20,CTVA,1
2026-02-20,CVS,4
2026-02-20,DASH,10
2026-02-20,DDOG,3
2026-02-20,DECK,9
2026-02-20,DHI,1
2026-02-20,DXCM,2
2026-02-20,EBAY,17
2026-02-20,EEM,3
2026-02-20,EFX,2
2026-02-20,EPAM,15
2026-02-20,EXPE,1
2026-02-20,FIX,24
2026-02-20,FSLR,5
2026-02-21,ANET,3
2026-02-21,APH,1
2026-02-21,APP,2
2026-02-21,BBY,1
2026-02-21,BKR,1
2026-02-21,CBOE,1
2026-02-21,CHEF,1
2026-02-21,CL,1
2026-02-21,DASH,1
2026-02-21,DDOG,1
2026-02-21,DHI,1
2026-02-21,EBAY,1
2026-02-21,EPAM,1
2026-02-21,EXPE,1
2026-02-21,FIX,1
2026-02-22,ABBV,1
2026-02-22,ADP,2
2026-02-22,ANET,1
2026-02-22,APP,2
2026-02-22,APTV,2
2026-02-22,ATI,1
2026-02-22,CL,1
2026-02-22,CVS,1
2026-02-22,DASH,4
2026-02-22,DDOG,2
2026-02-22,EFX,1
2026-02-22,EXPE,3
2026-02-22,FSLR,1
2026-02-23,ABBV,13
2026-02-23,ADP,2
2026-02-23,AEM,4
2026-02-23,ANET,6
2026-02-23,APH,6
2026-02-23,APP,14
2026-02-23,APTV,2
2026-02-23,B,3
2026-02-23,BBY,5
2026-02-23,BHP,1
2026-02-23,BKR,1
2026-02-23,BSX,2
2026-02-23,BTU,1
2026-02-23,BXC,1
2026-02-23,CBOE,2
2026-02-23,CL,3
2026-02-23,CMI,1
2026-02-23,CTVA,1
2026-02-23,CVS,2
2026-02-23,DASH,19
2026-02-23,DDOG,10
2026-02-23,DECK,5
2026-02-23,DXCM,2
2026-02-23,EBAY,3
2026-02-23,EEM,3
2026-02-23,EFX,2
2026-02-23,EME,1
2026-02-23,EPAM,4
2026-02-23,EXPE,9
2026-02-23,FFIV,1
2026-02-23,FIX,5
2026-02-23,FNV,2
2026-02-23,FSLR,8
2026-02-23,GOLD,1
2026-02-24,ABBV,12
2026-02-24,ADP,2
2026-02-24,AEM,1
2026-02-24,ANET,10
2026-02-24,AOS,1
2026-02-24,APH,2
2026-02-24,APP,4
2026-02-24,APTV,3
2026-02-24,ATI,2
2026-02-24,BBY,5
2026-02-24,BHP,1
2026-02-24,BKR,4
2026-02-24,BSX,1
2026-02-24,BTU,1
2026-02-24,BXC,4
2026-02-24,CBOE,8
2026-02-24,CL,8
2026-02-24,CTVA,2
2026-02-24,CVS,4
2026-02-24,DASH,16
2026-02-24,DDOG,7
2026-02-24,DECK,3
2026-02-24,DXCM,2
2026-02-24,EBAY,6
2026-02-24,EEM,1
2026-02-24,EFX,5
2026-02-24,EME,5
2026-02-24,EPAM,1
2026-02-24,EXPE,2
2026-02-24,FIX,2
2026-02-24,FNV,1
2026-02-24,FSLR,24
2026-02-25,ABBV,7
2026-02-25,ADP,3
2026-02-25,AEM,1
2026-02-25,ANET,4
2026-02-25,AOS,1
2026-02-25,APH,2
2026-02-25,APP,5
2026-02-25,ARGT,2
2026-02-25,ATI,1
2026-02-25,B,2
2026-02-25,BBY,3
2026-02-25,BKR,2
2026-02-25,BSX,4
2026-02-25,BXC,2
2026-02-25,CBOE,5
2026-02-25,CHEF,1
2026-02-25,CL,2
2026-02-25,CMI,3
2026-02-25,CTVA,2
2026-02-25,CVS,3
2026-02-25,DASH,21
2026-02-25,DDOG,2
2026-02-25,DECK,2
2026-02-25,DG,3
2026-02-25,DHI,4
2026-02-25,DXCM,3
2026-02-25,EBAY,4
2026-02-25,EEM,1
2026-02-25,EFX,3
2026-02-25,EME,3
2026-02-25,EPAM,2
2026-02-25,EXPE,3
2026-02-25,FFIV,2
2026-02-25,FIX,6
2026-02-25,FNV,2
2026-02-25,FSLR,55
2026-02-25,GOLD,2
2026-02-26,ABBV,5
2026-02-26,ADP,1
2026-02-26,AEM,1
2026-02-26,AMAT,12
2026-02-26,ANET,6
2026-02-26,APH,4
2026-02-26,APP,7
2026-02-26,APTV,2
2026-02-26,ATI,2
2026-02-26,B,1
2026-02-26,BBY,4
2026-02-26,BHP,1
2026-02-26,BKR,5
2026-02-26,BSX,4
2026-02-26,CL,3
2026-02-26,CLMT,1
2026-02-26,CMI,3
2026-02-26,COR,1
2026-02-26,CRSP,1
2026-02-26,CTVA,2
2026-02-26,CVS,3
2026-02-26,DASH,11
2026-02-26,DDOG,9
2026-02-26,DECK,3
2026-02-26,DG,6
2026-02-26,DHI,1
2026-02-26,DXCM,3
2026-02-26,EBAY,14
2026-02-26,EEM,1
2026-02-26,EFX,3
2026-02-26,EME,21
2026-02-26,EPAM,1
2026-02-26,EXPE,2
2026-02-26,FFIV,2
2026-02-26,FIX,5
2026-02-26,FSLR,14
2026-02-26,GAU,1
2026-02-27,ABBV,1
2026-02-27,ADP,6
2026-02-27,AEM,1
2026-02-27,AMAT,3
2026-02-27,ANET,7
2026-02-27,AOS,2
2026-02-27,APH,7
2026-02-27,APP,8
2026-02-27,B,3
2026-02-27,BBY,6
2026-02-27,BHP,2
2026-02-27,BKR,2
2026-02-27,BSX,5
2026-02-27,BXC,1
2026-02-27,CBOE,2
2026-02-27,CL,3
2026-02-27,CLMT,6
2026-02-27,CMI,3
2026-02-27,COR,2
2026-02-27,CRSP,1
2026-02-27,CSCO,10
2026-02-27,CTVA,1
2026-02-27,CVS,1
2026-02-27,DASH,2
2026-02-27,DDOG,7
2026-02-27,DECK,3
2026-02-27,DG,9
2026-02-27,DHI,2
2026-02-27,EBAY,8
2026-02-27,EEM,4
2026-02-27,EFX,3
2026-02-27,EME,5
2026-02-27,EPAM,1
2026-02-27,EXPE,6
2026-02-27,FIX,8
2026-02-27,FSLR,6
2026-02-28,ADP,3
2026-02-28,ANET,2
2026-02-28,APH,1
2026-02-28,APP,2
2026-02-28,ATI,1
2026-02-28,BBY,3
2026-02-28,BKR,1
2026-02-28,BSX,1
2026-02-28,CBOE,1
2026-02-28,CL,1
2026-02-28,CMI,1
2026-02-28,CSCO,2
2026-02-28,CVS,1
2026-02-28,DASH,1
2026-02-28,DDOG,1
2026-02-28,DHI,1
2026-02-28,EBAY,3
2026-02-28,EEM,1
2026-02-28,EME,1
2026-02-28,EXPE,1
2026-02-28,FIX,1
2026-02-28,FSLR,2
2026-03-01,ADP,1
2026-03-01,AMAT,1
2026-03-01,APH,1
2026-03-01,BBY,1
2026-03-01,BKR,3
2026-03-01,CL,4
2026-03-01,CSCO,3
2026-03-01,CVS,1
2026-03-01,DASH,2
2026-03-01,DHI,1
2026-03-01,EBAY,3
2026-03-01,EEM,1
2026-03-01,EFX,1
2026-03-01,EPAM,1
2026-03-01,EXPE,3
2026-03-01,FFIV,2
2026-03-01,FSLR,2
2026-03-02,ABBV,7
2026-03-02,ADP,6
2026-03-02,AEM,1
2026-03-02,AMAT,3
2026-03-02,ANET,4
2026-03-02,AOS,1
2026-03-02,APH,3
2026-03-02,APP,3
2026-03-02,APTV,2
2026-03-02,ATI,1
2026-03-02,BBY,8
2026-03-02,BHP,2
2026-03-02,BKR,2
2026-03-02,BSX,1
2026-03-02,BTU,3
2026-03-02,CBOE,8
2026-03-02,CL,6
2026-03-02,CSCO,7
2026-03-02,CVS,4
2026-03-02,DASH,4
2026-03-02,DDOG,4
2026-03-02,DECK,1
2026-03-02,DG,8
2026-03-02,DXCM,2
2026-03-02,EBAY,2
2026-03-02,EEM,3
2026-03-02,EFX,2
2026-03-02,EME,4
2026-03-02,EPAM,2
2026-03-02,EXPE,6
2026-03-02,FIX,5
2026-03-02,FSLR,2
2026-03-02,GOLD,1
2026-03-03,ABBV,5
2026-03-03,ADP,5
2026-03-03,AEM,4
2026-03-03,AMAT,6
2026-03-03,ANET,4
2026-03-03,AOS,1
2026-03-03,APH,3
2026-03-03,APP,1
2026-03-03,APTV,1
2026-03-03,ATI,5
2026-03-03,B,1
2026-03-03,BBY,55
2026-03-03,BHP,1
2026-03-03,BSX,6
2026-03-03,CBOE,1
2026-03-03,CL,5
2026-03-03,CMI,3
2026-03-03,CSCO,8
2026-03-03,DASH,3
2026-03-03,DDOG,2
2026-03-03,DECK,3
2026-03-03,DG,3
2026-03-03,DHI,3
2026-03-03,DXCM,1
2026-03-03,EBAY,4
2026-03-03,EEM,4
2026-03-03,EFX,5
2026-03-03,EME,3
2026-03-03,EPAM,2
2026-03-03,EXPE,6
2026-03-03,FFIV,1
2026-03-03,FIX,5
2026-03-03,FNV,1
2026-03-03,FSLR,4
2026-03-03,GAU,2
2026-03-03,GOLD,1
2026-03-04,ABBV,7
2026-03-04,ACN,3
2026-03-04,ADP,18
2026-03-04,AMAT,2
2026-03-04,ANET,5
2026-03-04,AOS,2
2026-03-04,APH,2
2026-03-04,APP,9
2026-03-04,APTV,3
2026-03-04,ARGT,1
2026-03-04,ATI,2
2026-03-04,B,1
2026-03-04,BBY,23
2026-03-04,BKR,12
2026-03-04,BSX,2
2026-03-04,CBOE,5
2026-03-04,CHEF,2
2026-03-04,CL,6
2026-03-04,CLMT,1
2026-03-04,CMI,4
2026-03-04,CSCO,7
2026-03-04,CVS,3
2026-03-04,DASH,5
2026-03-04,DDOG,6
2026-03-04,DECK,8
2026-03-04,DG,4
2026-03-04,DHI,3
2026-03-04,DXCM,2
2026-03-04,EBAY,3
2026-03-04,EEM,3
2026-03-04,EFX,1
2026-03-04,EME,2
2026-03-04,EPAM,1
2026-03-04,FFIV,3
2026-03-04,FIX,3
2026-03-04,FSLR,13
2026-03-05,ABBV,7
2026-03-05,ACN,7
2026-03-05,ADP,8
2026-03-05,AEM,1
2026-03-05,AMAT,5
2026-03-05,ANET,3
2026-03-05,APH,6
2026-03-05,APP,6
2026-03-05,APTV,6
2026-03-05,ARKK,10
2026-03-05,ATI,1
2026-03-05,B,1
2026-03-05,BBY,3
2026-03-05,BHP,3
2026-03-05,BKR,3
2026-03-05,BSX,4
2026-03-05,CBOE,5
2026-03-05,CL,8
2026-03-05,CMI,2
2026-03-05,COR,1
2026-03-05,CSCO,5
2026-03-05,CTVA,3
2026-03-05,CVS,8
2026-03-05,DASH,13
2026-03-05,DDOG,4
2026-03-05,DECK,2
2026-03-05,DG,4
2026-03-05,DHI,2
2026-03-05,DXCM,1
2026-03-05,EBAY,1
2026-03-05,EEM,4
2026-03-05,EFX,1
2026-03-05,EME,5
2026-03-05,EPAM,9
2026-03-05,EXPE,20
2026-03-05,FIX,9
2026-03-05,FNV,2
2026-03-05,FSLR,5
2026-03-05,GAU,1
2026-03-06,ABBV,11
2026-03-06,ACN,7
2026-03-06,ADP,10
2026-03-06,AEM,1
2026-03-06,AMAT,10
2026-03-06,ANET,2
2026-03-06,AOS,1
2026-03-06,APH,4
2026-03-06,APP,5
2026-03-06,APTV,2
2026-03-06,ARKK,23
2026-03-06,ATI,1
2026-03-06,B,1
2026-03-06,BBY,4
2026-03-06,BHP,1
2026-03-06,BKR,7
2026-03-06,BSX,3
2026-03-06,CBOE,6
2026-03-06,CL,9
2026-03-06,CMI,1
2026-03-06,COR,2
2026-03-06,CSCO,5
2026-03-06,CTVA,1
2026-03-06,CVS,5
2026-03-06,DASH,3
2026-03-06,DDOG,5
2026-03-06,DECK,2
2026-03-06,DG,8
2026-03-06,DHI,3
2026-03-06,DXCM,2
2026-03-06,EBAY,4
2026-03-06,EEM,2
2026-03-06,EFX,2
2026-03-06,EME,4
2026-03-06,EPAM,2
2026-03-06,EXPE,8
2026-03-06,FIX,6
2026-03-06,FNV,1
2026-03-06,FSLR,1
2026-03-07,ABBV,1
2026-03-07,ACN,1
2026-03-07,ADP,3
2026-03-07,AMAT,1
2026-03-07,APH,1
2026-03-07,APP,1
2026-03-07,ARKK,8
2026-03-07,BBY,1
2026-03-07,BKR,1
2026-03-07,CBOE,2
2026-03-07,CL,5
2026-03-07,CMI,1
2026-03-07,CSCO,1
2026-03-07,CVS,3
2026-03-07,DASH,4
2026-03-07,DECK,2
2026-03-07,DG,2
2026-03-07,EBAY,1
2026-03-07,EEM,1
2026-03-07,EME,1
2026-03-07,EXPE,3
2026-03-07,FIX,1
2026-03-08,ABBV,2
2026-03-08,APP,2
2026-03-08,APTV,1
2026-03-08,ARKK,4
2026-03-08,BHP,1
2026-03-08,BKR,3
2026-03-08,BSX,2
2026-03-08,CL,2
2026-03-08,COR,1
2026-03-08,COST,1
2026-03-08,CSCO,2
2026-03-08,DG,7
2026-03-08,EME,1
2026-03-08,EXPE,2
2026-03-08,FSLR,2
2026-03-09,ABBV,9
2026-03-09,ACN,3
2026-03-09,ADP,5
2026-03-09,AEM,2
2026-03-09,AMAT,4
2026-03-09,ANET,4
2026-03-09,APH,4
2026-03-09,APP,5
2026-03-09,APTV,2
2026-03-09,ARGT,1
2026-03-09,ARKK,10
2026-03-09,ATI,4
2026-03-09,B,2
2026-03-09,BBY,2
2026-03-09,BHP,1
2026-03-09,BKR,3
2026-03-09,CBOE,7
2026-03-09,CL,6
2026-03-09,COR,1
2026-03-09,COST,12
2026-03-09,CRSP,2
2026-03-09,CSCO,12
2026-03-09,CTVA,2
2026-03-09,CVS,6
2026-03-09,DASH,1
2026-03-09,DDOG,4
2026-03-09,DECK,3
2026-03-09,DG,12
2026-03-09,DHI,1
2026-03-09,DXCM,2
2026-03-09,EEM,4
2026-03-09,EFX,1
2026-03-09,EME,3
2026-03-09,EXPE,6
2026-03-09,FIX,6
2026-03-09,FNV,2
2026-03-09,FSLR,1
2026-03-10,ABBV,4
2026-03-10,ACN,12
2026-03-10,ADP,3
2026-03-10,AEM,1
2026-03-10,AMAT,25
2026-03-10,ANET,4
2026-03-10,AOS,1
2026-03-10,APH,4
2026-03-10,APP,18
2026-03-10,APTV,2
2026-03-10,ARKK,7
2026-03-10,ATI,3
2026-03-10,B,2
2026-03-10,BBY,1
2026-03-10,BHP,1
2026-03-10,BKR,6
2026-03-10,BSX,3
2026-03-10,CBOE,7
2026-03-10,CL,7
2026-03-10,CMI,2
2026-03-10,COR,3
2026-03-10,COST,13
2026-03-10,CRSP,4
2026-03-10,CSCO,12
2026-03-10,CTVA,3
2026-03-10,CVS,3
2026-03-10,DASH,1
2026-03-10,DDOG,8
2026-03-10,DECK,2
2026-03-10,DG,8
2026-03-10,DHI,2
2026-03-10,DIS,1
2026-03-10,DXCM,2
2026-03-10,EBAY,2
2026-03-10,EEM,1
2026-03-10,EFX,5
2026-03-10,EME,3
2026-03-10,EPAM,3
2026-03-10,EXPE,2
2026-03-10,FFIV,3
2026-03-10,FIX,4
2026-03-10,FNV,6
2026-03-10,FSLR,3
2026-03-10,GAU,1
2026-03-11,ABBV,7
2026-03-11,ACN,9
2026-03-11,ADP,4
2026-03-11,AEM,1
2026-03-11,AMAT,11
2026-03-11,ANET,5
2026-03-11,AOS,3
2026-03-11,APH,1
2026-03-11,APP,8
2026-03-11,APTV,1
2026-03-11,ARKK,8
2026-03-11,ATI,1
2026-03-11,B,1
2026-03-11,BBY,2
2026-03-11,BKR,6
2026-03-11,BSX,3
2026-03-11,CBOE,2
2026-03-11,CHEF,1
2026-03-11,CL,10
2026-03-11,CMI,1
2026-03-11,COST,12
2026-03-11,CRSP,1
2026-03-11,CSCO,13
2026-03-11,CVS,11
2026-03-11,DASH,8
2026-03-11,DDOG,3
2026-03-11,DECK,4
2026-03-11,DG,11
2026-03-11,DHI,1
2026-03-11,DXCM,3
2026-03-11,EBAY,3
2026-03-11,EEM,2
2026-03-11,EFX,4
2026-03-11,EME,6
2026-03-11,EPAM,1
2026-03-11,EXPE,3
2026-03-11,FFIV,3
2026-03-11,FIX,3
2026-03-11,FNV,2
2026-03-11,FSLR,3
2026-03-11,GAU,1
2026-03-12,ABBV,8
2026-03-12,ACN,15
2026-03-12,ADP,4
2026-03-12,AEM,1
2026-03-12,AMAT,8
2026-03-12,ANET,14
2026-03-12,APH,5
2026-03-12,APP,2
2026-03-12,APTV,1
2026-03-12,ARKK,11
2026-03-12,ATI,6
2026-03-12,B,1
2026-03-12,BBY,3
2026-03-12,BHP,1
2026-03-12,BKR,7
2026-03-12,BSX,5
2026-03-12,BTU,1
2026-03-12,CBOE,6
2026-03-12,CL,11
2026-03-12,CLMT,2
2026-03-12,CMI,2
2026-03-12,COR,1
2026-03-12,COST,21
2026-03-12,CSCO,5
2026-03-12,CTVA,1
2026-03-12,CVS,10
2026-03-12,DASH,9
2026-03-12,DDOG,3
2026-03-12,DECK,9
2026-03-12,DG,61
2026-03-12,DXCM,1
2026-03-12,EBAY,3
2026-03-12,EFX,3
2026-03-12,EME,4
2026-03-12,EPAM,2
2026-03-12,EXPE,1
2026-03-12,FFIV,2
2026-03-12,FNV,1
2026-03-12,FSLR,2
2026-03-13,ABBV,5
2026-03-13,ACN,4
2026-03-13,ADBE,61
2026-03-13,ADP,2
2026-03-13,AEM,1
2026-03-13,AMAT,17
2026-03-13,ANET,4
2026-03-13,APH,2
2026-03-13,APP,3
2026-03-13,APTV,2
2026-03-13,ARKK,7
2026-03-13,ATI,3
2026-03-13,B,1
2026-03-13,BBY,1
2026-03-13,BHP,1
2026-03-13,BKR,4
2026-03-13,BSX,1
2026-03-13,CBOE,1
2026-03-13,CL,6
2026-03-13,CMI,3
2026-03-13,COR,3
2026-03-13,COST,20
2026-03-13,CSCO,9
2026-03-13,CTVA,1
2026-03-13,CVS,2
2026-03-13,DASH,3
2026-03-13,DDOG,2
2026-03-13,DECK,3
2026-03-13,DG,18
2026-03-13,DHI,1
2026-03-13,DXCM,2
2026-03-13,EBAY,3
2026-03-13,EEM,1
2026-03-13,EFX,2
2026-03-13,EME,1
2026-03-13,EPAM,1
2026-03-13,EXPE,1
2026-03-13,FIX,5
2026-03-13,FNV,2
2026-03-13,FSLR,1
2026-03-13,GAU,1
2026-03-14,ACN,5
2026-03-14,ADBE,8
2026-03-14,AMAT,1
2026-03-14,ANET,2
2026-03-14,AOS,2
2026-03-14,APP,1
2026-03-14,ARKK,4
2026-03-14,BBY,2
2026-03-14,BKR,2
2026-03-14,BSX,1
2026-03-14,CBOE,3
2026-03-14,CL,9
2026-03-14,CMI,3
2026-03-14,COST,3
2026-03-14,CRM,1
2026-03-14,CSCO,2
2026-03-14,DASH,1
2026-03-14,DECK,1
2026-03-14,DHI,3
2026-03-14,DIS,4
2026-03-14,EEM,1
2026-03-14,EME,1
2026-03-14,EPAM,1
2026-03-14,EXPE,2
2026-03-14,FIX,2
2026-03-15,ABBV,1
2026-03-15,ACN,1
2026-03-15,ADBE,2
2026-03-15,AMAT,2
2026-03-15,ANET,1
2026-03-15,ARKK,4
2026-03-15,BHP,1
2026-03-15,BKR,2
2026-03-15,BSX,5
2026-03-15,CBOE,1
2026-03-15,CL,7
2026-03-15,COST,4
2026-03-15,CRM,1
2026-03-15,CSCO,1
2026-03-15,CVS,4
2026-03-15,DDOG,4
2026-03-15,DECK,2
2026-03-15,DG,1
2026-03-15,DIS,2
2026-03-15,DXCM,4
2026-03-15,EEM,1
2026-03-15,EPAM,4
2026-03-15,EXPE,4
2026-03-15,FNV,1
2026-03-15,FSLR,1
2026-03-16,ABBV,4
2026-03-16,ACN,14
2026-03-16,ADBE,30
2026-03-16,ADP,2
2026-03-16,AEM,1
2026-03-16,AMAT,5
2026-03-16,ANET,7
2026-03-16,APP,2
2026-03-16,APTV,2
2026-03-16,ARKK,7
2026-03-16,ATI,4
2026-03-16,BBY,1
2026-03-16,BKR,1
2026-03-16,BSX,3
2026-03-16,BTU,1
2026-03-16,CBOE,6
2026-03-16,CL,8
2026-03-16,CLMT,1
2026-03-16,CMI,1
2026-03-16,COR,2
2026-03-16,COST,11
2026-03-16,CRM,20
2026-03-16,CSCO,11
2026-03-16,CVS,3
2026-03-16,DASH,5
2026-03-16,DDOG,1
2026-03-16,DECK,3
2026-03-16,DELL,26
2026-03-16,DG,7
2026-03-16,DHI,1
2026-03-16,DIS,8
2026-03-16,DXCM,2
2026-03-16,EBAY,1
2026-03-16,EEM,2
2026-03-16,EFX,1
2026-03-16,EME,2
2026-03-16,EPAM,3
2026-03-16,EXPE,6
2026-03-16,FFIV,3
2026-03-16,FIX,3
2026-03-16,FNV,1
2026-03-16,FSLR,2
2026-03-17,ABBV,7
2026-03-17,ACN,8
2026-03-17,ADBE,12
2026-03-17,ADP,7
2026-03-17,AEM,1
2026-03-17,AMAT,9
2026-03-17,ANET,10
2026-03-17,AOS,1
2026-03-17,APH,5
2026-03-17,APP,4
2026-03-17,ARGT,1
2026-03-17,ARKK,9
2026-03-17,ATI,2
2026-03-17,BBY,1
2026-03-17,BHP,3
2026-03-17,BKR,1
2026-03-17,BSX,3
2026-03-17,CBOE,4
2026-03-17,CL,6
2026-03-17,CMI,3
2026-03-17,COR,10
2026-03-17,COST,8
2026-03-17,CRM,14
2026-03-17,CRSP,1
2026-03-17,CSCO,11
2026-03-17,CTVA,2
2026-03-17,CVS,2
2026-03-17,DAL,28
2026-03-17,DASH,6
2026-03-17,DDOG,4
2026-03-17,DECK,2
2026-03-17,DELL,9
2026-03-17,DG,6
2026-03-17,DHI,1
2026-03-17,DIS,10
2026-03-17,DXCM,3
2026-03-17,EBAY,4
2026-03-17,EFX,2
2026-03-17,EME,4
2026-03-17,EXPE,6
2026-03-17,FFIV,2
2026-03-17,FIX,1
2026-03-17,FSLR,3
2026-03-17,GAU,2
2026-03-18,ABBV,8
2026-03-18,ACN,13
2026-03-18,ADBE,12
2026-03-18,ADP,3
2026-03-18,AEM,2
2026-03-18,AMAT,14
2026-03-18,ANET,6
2026-03-18,AOS,1
2026-03-18,APH,5
2026-03-18,APP,2
2026-03-18,APTV,2
2026-03-18,ARKK,6
2026-03-18,ATI,2
2026-03-18,B,3
2026-03-18,BBY,2
2026-03-18,BHP,1
2026-03-18,BKR,5
2026-03-18,BSX,3
2026-03-18,CBOE,5
2026-03-18,CL,6
2026-03-18,COR,3
2026-03-18,COST,7
2026-03-18,CRM,13
2026-03-18,CSCO,4
2026-03-18,CVS,4
2026-03-18,DAL,17
2026-03-18,DASH,3
2026-03-18,DDOG,1
2026-03-18,DECK,4
2026-03-18,DELL,10
2026-03-18,DG,1
2026-03-18,DHI,2
2026-03-18,DIS,31
2026-03-18,EBAY,5
2026-03-18,EEM,2
2026-03-18,EFX,3
2026-03-18,EME,4
2026-03-18,EPAM,1
2026-03-18,EXPE,5
2026-03-18,FFIV,4
2026-03-18,FIX,2
2026-03-18,FNV,2
2026-03-18,FSLR,6
2026-03-18,GAU,1
2026-03-19,ABBV,11
2026-03-19,ACN,63
2026-03-19,ADBE,21
2026-03-19,ADP,5
2026-03-19,AEM,4
2026-03-19,AMAT,7
2026-03-19,ANET,2
2026-03-19,AOS,1
2026-03-19,APH,2
2026-03-19,APP,2
2026-03-19,APTV,1
2026-03-19,ARGT,1
2026-03-19,ARKK,8
2026-03-19,ATI,1
2026-03-19,B,2
2026-03-19,BBY,2
2026-03-19,BHP,1
2026-03-19,BKR,6
2026-03-19,BSX,2
2026-03-19,BTU,1
2026-03-19,CBOE,5
2026-03-19,CL,8
2026-03-19,CMI,1
2026-03-19,COR,1
2026-03-19,COST,6
2026-03-19,CRM,10
2026-03-19,CSCO,6
2026-03-19,CTVA,4
2026-03-19,CVS,6
2026-03-19,DAL,8
2026-03-19,DASH,8
2026-03-19,DDOG,6
2026-03-19,DECK,6
2026-03-19,DELL,12
2026-03-19,DG,6
2026-03-19,DHI,1
2026-03-19,DIS,12
2026-03-19,EBAY,1
2026-03-19,EEM,1
2026-03-19,EFX,3
2026-03-19,EME,3
2026-03-19,EXPE,4
2026-03-19,FIX,4
2026-03-19,FNV,1
2026-03-19,FSLR,5
2026-03-19,GAU,2
2026-03-20,ABBV,7
2026-03-20,ACN,14
2026-03-20,ADBE,8
2026-03-20,ADP,4
2026-03-20,AMAT,9
2026-03-20,ANET,4
2026-03-20,AOS,1
2026-03-20,APH,4
2026-03-20,APP,5
2026-03-20,APTV,3
2026-03-20,ARKK,11
2026-03-20,ATI,1
2026-03-20,B,1
2026-03-20,BBY,2
2026-03-20,BKR,5
2026-03-20,BSX,2
2026-03-20,CL,7
2026-03-20,CMI,2
2026-03-20,COR,1
2026-03-20,COST,8
2026-03-20,CRM,11
2026-03-20,CSCO,5
2026-03-20,CTVA,1
2026-03-20,CVS,1
2026-03-20,DAL,8
2026-03-20,DASH,3
2026-03-20,DDOG,2
2026-03-20,DECK,5
2026-03-20,DELL,34
2026-03-20,DG,3
2026-03-20,DHI,3
2026-03-20,DIS,6
2026-03-20,EBAY,1
2026-03-20,EEM,1
2026-03-20,EFX,2
2026-03-20,EME,2
2026-03-20,EXPE,3
2026-03-20,FFIV,1
2026-03-20,FIX,11
2026-03-20,FSLR,6
2026-03-21,ABBV,1
2026-03-21,ACN,2
2026-03-21,ADBE,1
2026-03-21,ADP,2
2026-03-21,AEM,1
2026-03-21,AMAT,2
2026-03-21,AOS,1
2026-03-21,APH,1
2026-03-21,APP,1
2026-03-21,ARKK,3
2026-03-21,BKR,2
2026-03-21,BSX,1
2026-03-21,CL,6
2026-03-21,COST,6
2026-03-21,CRM,3
2026-03-21,CSCO,1
2026-03-21,DAL,9
2026-03-21,DASH,1
2026-03-21,DECK,2
2026-03-21,DELL,6
2026-03-21,DG,3
2026-03-21,DIS,2
2026-03-21,EBAY,1
2026-03-21,EXPE,3
2026-03-21,FIX,2
2026-03-21,FNV,1
2026-03-22,ADBE,2
2026-03-22,AMAT,5
2026-03-22,ANET,2
2026-03-22,APP,2
2026-03-22,APTV,1
2026-03-22,ARKK,2
2026-03-22,BKR,1
2026-03-22,BSX,1
2026-03-22,CL,3
2026-03-22,COR,1
2026-03-22,COST,4
2026-03-22,CRM,2
2026-03-22,CSCO,2
2026-03-22,CTVA,1
2026-03-22,CVS,1
2026-03-22,DAL,3
2026-03-22,DASH,3
2026-03-22,DELL,3
2026-03-22,DG,1
2026-03-22,DIS,5
2026-03-22,DXCM,1
2026-03-22,EEM,1
2026-03-22,EFX,2
2026-03-22,EXPE,2
2026-03-23,ABBV,2
2026-03-23,ACN,7
2026-03-23,ADBE,8
2026-03-23,ADP,1
2026-03-23,AEM,3
2026-03-23,AMAT,8
2026-03-23,ANET,1
2026-03-23,AOS,1
2026-03-23,APH,1
2026-03-23,APP,3
2026-03-23,APTV,2
2026-03-23,ARKK,12
2026-03-23,ATI,2
2026-03-23,AVGO,18
2026-03-23,B,4
2026-03-23,BBY,1
2026-03-23,BHP,2
2026-03-23,BKR,5
2026-03-23,BSX,2
2026-03-23,BXC,1
2026-03-23,CBOE,3
2026-03-23,CL,8
2026-03-23,CMI,3
2026-03-23,COR,8
2026-03-23,COST,3
2026-03-23,CRM,9
2026-03-23,CSCO,10
2026-03-23,CVS,1
2026-03-23,DAL,36
2026-03-23,DASH,12
2026-03-23,DDOG,4
2026-03-23,DECK,5
2026-03-23,DELL,20
2026-03-23,DG,2
2026-03-23,DHI,2
2026-03-23,DIS,9
2026-03-23,DXCM,2
2026-03-23,EBAY,1
2026-03-23,EEM,4
2026-03-23,EFX,1
2026-03-23,EME,4
2026-03-23,EPAM,2
2026-03-23,EXPE,8
2026-03-23,FNV,3
2026-03-23,GAU,1
2026-03-24,ABBV,6
2026-03-24,ACN,9
2026-03-24,ADBE,7
2026-03-24,ADP,1
2026-03-24,AEM,1
2026-03-24,AMAT,8
2026-03-24,ANET,5
2026-03-24,AOS,1
2026-03-24,APH,2
2026-03-24,APP,7
2026-03-24,APTV,3
2026-03-24,ARKK,12
2026-03-24,ATI,3
2026-03-24,AVGO,45
2026-03-24,B,1
2026-03-24,BBY,1
2026-03-24,BHP,1
2026-03-24,BKR,4
2026-03-24,BSX,4
2026-03-24,BTU,2
2026-03-24,CBOE,4
2026-03-24,CL,1
2026-03-24,CLMT,1
2026-03-24,CMI,2
2026-03-24,COR,3
2026-03-24,COST,11
2026-03-24,CRM,25
2026-03-24,CSCO,13
2026-03-24,CTVA,2
2026-03-24,CVS,10
2026-03-24,DAL,15
2026-03-24,DASH,7
2026-03-24,DDOG,7
2026-03-24,DECK,2
2026-03-24,DELL,14
2026-03-24,DG,7
2026-03-24,DHI,1
2026-03-24,DIS,17
2026-03-24,EBAY,3
2026-03-24,EEM,3
2026-03-24,EFX,4
2026-03-24,EXPE,6
2026-03-24,FFIV,3
2026-03-24,FIX,5
2026-03-24,FSLR,2
2026-03-25,ABBV,7
2026-03-25,ACN,7
2026-03-25,ADBE,4
2026-03-25,ADP,5
2026-03-25,AEM,1
2026-03-25,AMAT,11
2026-03-25,AMD,31
2026-03-25,ANET,3
2026-03-25,AOS,1
2026-03-25,APP,6
2026-03-25,APTV,3
2026-03-25,ARKK,11
2026-03-25,ATI,3
2026-03-25,AVGO,15
2026-03-25,B,1
2026-03-25,BBY,1
2026-03-25,BKR,7
2026-03-25,BSX,3
2026-03-25,CBOE,4
2026-03-25,CL,2
2026-03-25,CMI,1
2026-03-25,COR,1
2026-03-25,COST,11
2026-03-25,CRM,21
2026-03-25,CSCO,5
2026-03-25,CTVA,1
2026-03-25,CVS,7
2026-03-25,DAL,14
2026-03-25,DASH,4
2026-03-25,DDOG,3
2026-03-25,DECK,1
2026-03-25,DELL,22
2026-03-25,DG,13
2026-03-25,DIS,21
2026-03-25,DXCM,1
2026-03-25,EBAY,1
2026-03-25,EEM,1
2026-03-25,EFX,2
2026-03-25,EPAM,1
2026-03-25,EXPE,1
2026-03-25,FFIV,1
2026-03-25,FIX,4
2026-03-25,FNV,1
2026-03-25,FSLR,1
2026-03-25,GAU,1
2026-03-26,ABBV,7
2026-03-26,ACN,7
2026-03-26,ADBE,13
2026-03-26,ADP,2
2026-03-26,AEM,2
2026-03-26,AMAT,15
2026-03-26,AMD,39
2026-03-26,ANET,7
2026-03-26,APH,1
2026-03-26,APP,19
2026-03-26,ARKK,8
2026-03-26,ATI,1
2026-03-26,AVGO,26
2026-03-26,B,3
2026-03-26,BBY,7
2026-03-26,BHP,1
2026-03-26,BKR,3
2026-03-26,BSX,1
2026-03-26,CBOE,6
2026-03-26,CHEF,1
2026-03-26,CL,6
2026-03-26,CMI,2
2026-03-26,COR,1
2026-03-26,COST,14
2026-03-26,CRM,20
2026-03-26,CSCO,5
2026-03-26,CTVA,1
2026-03-26,CVS,5
2026-03-26,DAL,12
2026-03-26,DASH,3
2026-03-26,DDOG,2
2026-03-26,DECK,4
2026-03-26,DELL,17
2026-03-26,DG,3
2026-03-26,DIS,15
2026-03-26,EBAY,2
2026-03-26,EEM,3
2026-03-26,EFX,1
2026-03-26,EME,1
2026-03-26,EXPE,3
2026-03-26,FIX,8
2026-03-26,FNV,1
2026-03-26,FSLR,5
2026-03-26,GAU,1
2026-03-27,ABBV,10
2026-03-27,ACN,8
2026-03-27,ADBE,12
2026-03-27,ADP,3
2026-03-27,AEM,3
2026-03-27,AMAT,5
2026-03-27,AMD,25
2026-03-27,ANET,3
2026-03-27,AOS,2
2026-03-27,APP,4
2026-03-27,APTV,4
2026-03-27,ARKK,7
2026-03-27,ATI,2
2026-03-27,AVGO,23
2026-03-27,B,3
2026-03-27,BBY,2
2026-03-27,BKR,7
2026-03-27,BSX,2
2026-03-27,BTU,2
2026-03-27,CBOE,6
2026-03-27,CL,5
2026-03-27,CLMT,1
2026-03-27,CMI,2
2026-03-27,COR,1
2026-03-27,COST,8
2026-03-27,CRM,23
2026-03-27,CSCO,10
2026-03-27,CTVA,1
2026-03-27,CVS,5
2026-03-27,DAL,6
2026-03-27,DASH,2
2026-03-27,DDOG,8
2026-03-27,DECK,2
2026-03-27,DELL,5
2026-03-27,DG,7
2026-03-27,DHI,3
2026-03-27,DIS,13
2026-03-27,DXCM,6
2026-03-27,EBAY,2
2026-03-27,EEM,4
2026-03-27,EFX,2
2026-03-27,EME,4
2026-03-27,EXPE,10
2026-03-27,FFIV,2
2026-03-27,FIX,4
2026-03-27,FNV,1
2026-03-27,FSLR,2
2026-03-27,GAU,1
2026-03-28,ABBV,1
2026-03-28,ACN,3
2026-03-28,ADBE,4
2026-03-28,AMAT,2
2026-03-28,AMD,3
2026-03-28,APH,1
2026-03-28,APP,4
2026-03-28,ARKK,6
2026-03-28,AVGO,11
2026-03-28,BBY,1
2026-03-28,BKR,1
2026-03-28,BSX,4
2026-03-28,CBOE,1
2026-03-28,CL,5
2026-03-28,COST,7
2026-03-28,CRM,2
2026-03-28,CSCO,3
2026-03-28,DAL,4
2026-03-28,DASH,2
2026-03-28,DECK,2
2026-03-28,DG,2
2026-03-28,DIS,2
2026-03-28,EBAY,1
2026-03-28,EFX,2
2026-03-28,EME,1
2026-03-28,EXPE,1
2026-03-28,FFIV,1
2026-03-28,FSLR,1
2026-03-29,ADBE,2
2026-03-29,ADP,2
2026-03-29,AEM,1
2026-03-29,AMD,8
2026-03-29,ANET,2
2026-03-29,APP,1
2026-03-29,ARKK,2
2026-03-29,AVGO,4
2026-03-29,BBY,2
2026-03-29,BKR,2
2026-03-29,BSX,3
2026-03-29,CL,3
2026-03-29,COST,2
2026-03-29,CRM,2
2026-03-29,DAL,1
2026-03-29,DDOG,1
2026-03-29,DELL,2
2026-03-29,DG,1
2026-03-29,DIS,6
2026-03-29,EBAY,1
2026-03-29,EXPE,1
2026-03-29,FNV,1
2026-03-30,AAPL,45
2026-03-30,ABBV,5
2026-03-30,ACN,5
2026-03-30,ADBE,9
2026-03-30,ADP,7
2026-03-30,AEM,6
2026-03-30,AMAT,6
2026-03-30,AMD,32
2026-03-30,ANET,6
2026-03-30,AOS,2
2026-03-30,APH,3
2026-03-30,APP,5
2026-03-30,APTV,5
2026-03-30,ARKK,11
2026-03-30,ATI,3
2026-03-30,AVGO,12
2026-03-30,B,2
2026-03-30,BACHY,1
2026-03-30,BBY,2
2026-03-30,BHP,1
2026-03-30,BKR,1
2026-03-30,BSX,30
2026-03-30,CBOE,4
2026-03-30,CL,10
2026-03-30,CLMT,5
2026-03-30,CMI,1
2026-03-30,COR,1
2026-03-30,COST,14
2026-03-30,CRM,14
2026-03-30,CSCO,7
2026-03-30,CTVA,1
2026-03-30,CVS,7
2026-03-30,DAL,4
2026-03-30,DASH,4
2026-03-30,DDOG,2
2026-03-30,DELL,8
2026-03-30,DG,2
2026-03-30,DHI,2
2026-03-30,DIS,13
2026-03-30,EBAY,3
2026-03-30,EEM,2
2026-03-30,EFX,4
2026-03-30,EME,3
2026-03-30,EXPE,11
2026-03-30,FFIV,1
2026-03-30,FIX,6
2026-03-30,FSLR,4
2026-03-31,AAPL,69
2026-03-31,ABBV,12
2026-03-31,ACN,6
2026-03-31,ADBE,11
2026-03-31,ADP,3
2026-03-31,AEM,2
2026-03-31,AMAT,6
2026-03-31,AMD,26
2026-03-31,AMZN,33
2026-03-31,ANET,11
2026-03-31,AOS,3
2026-03-31,APH,7
2026-03-31,APP,9
2026-03-31,APTV,5
2026-03-31,ARKK,8
2026-03-31,ATI,1
2026-03-31,AVGO,28
2026-03-31,B,1
2026-03-31,BBY,2
2026-03-31,BHP,1
2026-03-31,BKR,1
2026-03-31,BSX,6
2026-03-31,BTU,3
2026-03-31,CBOE,5
2026-03-31,CHEF,1
2026-03-31,CL,11
2026-03-31,CLMT,1
2026-03-31,CMI,3
2026-03-31,COR,3
2026-03-31,COST,11
2026-03-31,CRM,20
2026-03-31,CRSP,1
2026-03-31,CSCO,11
2026-03-31,CTVA,2
2026-03-31,CVS,8
2026-03-31,DAL,23
2026-03-31,DASH,10
2026-03-31,DDOG,2
2026-03-31,DECK,4
2026-03-31,DELL,20
2026-03-31,DG,4
2026-03-31,DHI,2
2026-03-31,DIS,21
2026-03-31,DXCM,2
2026-03-31,EBAY,4
2026-03-31,EEM,2
2026-03-31,EFX,2
2026-03-31,EME,4
2026-03-31,EXPE,4
2026-03-31,FFIV,2
2026-03-31,FIX,4
2026-03-31,FNV,1
2026-03-31,FSLR,5
2026-03-31,GAU,1
2026-03-31,GOOGL,50
2026-04-01,AAPL,59
2026-04-01,ABBV,1
2026-04-01,ACN,2
2026-04-01,ADBE,7
2026-04-01,ADP,16
2026-04-01,AEM,2
2026-04-01,AMAT,5
2026-04-01,AMD,31
2026-04-01,AMZN,72
2026-04-01,ANET,5
2026-04-01,AOS,1
2026-04-01,APH,5
2026-04-01,APP,6
2026-04-01,APTV,11
2026-04-01,ARKK,13
2026-04-01,ATI,6
2026-04-01,AVGO,16
2026-04-01,B,2
2026-04-01,BBY,2
2026-04-01,BHP,2
2026-04-01,BKR,3
2026-04-01,BSX,3
2026-04-01,CBOE,6
2026-04-01,CL,7
2026-04-01,CLMT,1
2026-04-01,CMI,3
2026-04-01,COR,2
2026-04-01,COST,13
2026-04-01,CRM,16
2026-04-01,CRSP,1
2026-04-01,CSCO,13
2026-04-01,CVS,6
2026-04-01,DAL,12
2026-04-01,DASH,6
2026-04-01,DDOG,2
2026-04-01,DECK,4
2026-04-01,DELL,11
2026-04-01,DG,2
2026-04-01,DHI,1
2026-04-01,DIS,20
2026-04-01,DXCM,3
2026-04-01,EEM,1
2026-04-01,EME,4
2026-04-01,EXPE,6
2026-04-01,FFIV,2
2026-04-01,FIX,5
2026-04-01,FNV,2
2026-04-01,FSLR,3
2026-04-01,GAU,1
2026-04-01,GOOGL,78
2026-04-02,AAPL,50
2026-04-02,ABBV,9
2026-04-02,ACN,6
2026-04-02,ADBE,7
2026-04-02,ADP,10
2026-04-02,AEM,1
2026-04-02,AMAT,7
2026-04-02,AMD,28
2026-04-02,AMZN,99
2026-04-02,ANET,6
2026-04-02,AOS,2
2026-04-02,APH,2
2026-04-02,APP,6
2026-04-02,APTV,7
2026-04-02,ARKK,2
2026-04-02,ATI,3
2026-04-02,AVGO,26
2026-04-02,B,1
2026-04-02,BBY,3
2026-04-02,BHP,1
2026-04-02,BKR,3
2026-04-02,BSX,3
2026-04-02,BXC,1
2026-04-02,CBOE,6
2026-04-02,CL,8
2026-04-02,COR,2
2026-04-02,COST,9
2026-04-02,CRM,9
2026-04-02,CSCO,13
2026-04-02,CTVA,1
2026-04-02,CVS,5
2026-04-02,DAL,27
2026-04-02,DASH,5
2026-04-02,DDOG,6
2026-04-02,DECK,3
2026-04-02,DELL,15
2026-04-02,DG,4
2026-04-02,DHI,4
2026-04-02,DIS,13
2026-04-02,DXCM,1
2026-04-02,EBAY,4
2026-04-02,EEM,1
2026-04-02,EFX,3
2026-04-02,EME,5
2026-04-02,EPAM,1
2026-04-02,EXPE,4
2026-04-02,FFIV,2
2026-04-02,FIX,4
2026-04-02,FNV,2
2026-04-02,FSLR,3
2026-04-02,GAU,1
2026-04-02,GOLD,1
2026-04-02,GOOGL,73
2026-04-03,AAPL,22
2026-04-03,ABBV,3
2026-04-03,ADP,2
2026-04-03,AMAT,3
2026-04-03,AMD,11
2026-04-03,AMZN,40
2026-04-03,ANET,5
2026-04-03,APH,1
2026-04-03,APP,4
2026-04-03,ARKK,13
2026-04-03,ATI,2
2026-04-03,AVGO,13
2026-04-03,B,1
2026-04-03,BBY,3
2026-04-03,BHP,1
2026-04-03,CBOE,3
2026-04-03,CL,1
2026-04-03,CMI,1
2026-04-03,COST,5
2026-04-03,CRM,5
2026-04-03,CSCO,4
2026-04-03,CTVA,1
2026-04-03,CVS,1
2026-04-03,DAL,4
2026-04-03,DASH,1
2026-04-03,DDOG,1
2026-04-03,DELL,3
2026-04-03,DG,2
2026-04-03,DHI,2
2026-04-03,DIS,3
2026-04-03,DXCM,1
2026-04-03,EEM,2
2026-04-03,EFX,1
2026-04-03,EXPE,2
2026-04-03,FIX,4
2026-04-03,FSLR,2
2026-04-03,GOOGL,45
2026-04-04,AMZN,1
2026-04-04,ARKK,2
2026-04-04,BKR,2
2026-04-04,CL,1
2026-04-04,GOOGL,1